object_name,count
window,42449
wall,39018
"person, individual, someone, somebody, mortal, soul",30639
tree,26882
"building, edifice",21354
door,17329
chair,16680
"car, auto, automobile, machine, motorcar",16284
"plant, flora, plant life",13976
"floor, flooring",12752
sky,12270
"light, light source",12146
"windowpane, window",10889
"painting, picture",10438
ceiling,9797
table,9592
cabinet,9013
leg,7556
handle,7307
lamp,6995
"signboard, sign",6641
cushion,6116
book,6001
"road, route",5890
"sidewalk, pavement",5868
drawer,5845
light source,5600
"streetlight, street lamp",5255
"curtain, drape, drapery, mantle, pall",5238
shade,5069
knob,5036
box,4961
grass,4652
wheel,4498
pane,4463
"mountain, mount",4411
"earth, ground",4258
bottle,4214
arm,4012
"rock, stone",3809
shelf,3794
seat,3500
back,3290
head,3287
"pot, flowerpot",3204
column,3124
"spotlight, spot",3117
highlight,3094
mirror,2934
armchair,2891
flower,2889
"fence, fencing",2815
bed,2791
vase,2598
pillow,2411
seat cushion,2411
"column, pillar",2408
"glass, drinking glass",2319
pole,2290
plate,2287
"sofa, couch, lounge",2233
sconce,2153
balcony,2148
"wall socket, wall plug, electric outlet, electrical outlet, outlet, electric receptacle",2052
rim,2039
base,1956
back pillow,1903
"rug, carpet, carpeting",1875
right arm,1825
eye,1760
"railing, rail",1759
left arm,1741
bowl,1662
sink,1637
bench,1611
left leg,1611
right leg,1574
top,1528
headlight,1524
house,1510
"palm, palm tree",1481
license plate,1474
work surface,1465
taillight,1457
bag,1450
rail,1410
desk,1391
"stairs, steps",1359
"basket, handbasket",1348
sea,1335
faucet,1318
pot,1294
stile,1229
towel,1219
"coffee table, cocktail table",1216
"fluorescent, fluorescent fixture",1212
headboard,1206
"traffic light, traffic signal, stoplight",1184
stool,1180
muntin,1171
jar,1150
inside arm,1133
"awning, sunshade, sunblind",1130
shutter,1129
"plaything, toy",1128
"shrub, bush",1114
roof,1111
clock,1109
swivel chair,1091
apron,1076
"ashcan, trash can, garbage can, wastebin, ash bin, ash-bin, ashbin, dustbin, trash barrel, trash bin",1064
windshield,1051
skyscraper,1049
boat,1039
flag,1038
mouth,1021
"candlestick, candle holder",997
water,987
paper,977
path,965
field,957
right hand,954
ball,939
double door,924
"chandelier, pendant, pendent",921
frame,918
"switch, electric switch, electrical switch",896
"blind, screen",893
"bannister, banister, balustrade, balusters, handrail",892
van,873
"food, solid food",873
seat base,866
"figurine, statuette",863
"television receiver, television, television set, tv, tv set, idiot box, boob tube, telly, goggle box",860
"base, pedestal, stand",855
fruit,855
"stairway, staircase",845
"poster, posting, placard, notice, bill, card",843
tray,842
shoe,836
dial,828
screen,826
left hand,819
shop window,756
"trade name, brand name, brand, marque",743
"truck, motortruck",729
door frame,728
gaze,725
bumper,719
umbrella,713
"minibike, motorbike",706
"bicycle, bike, wheel, cycle",698
railing,694
outside arm,692
"stove, kitchen stove, range, kitchen range, cooking stove",691
"chest of drawers, chest, bureau, dresser",691
river,670
chimney,667
"fireplace, hearth, open fireplace",659
"computer, computing machine, computing device, data processor, electronic computer, information processing system",655
magazine,655
"air conditioner, air conditioning",640
"animal, animate being, beast, brute, creature, fauna",628
aperture,627
sculpture,625
"telephone, phone, telephone set",623
"napkin, table napkin, serviette",621
"monitor, monitoring device",618
oven,617
torso,604
"can, tin, tin can",601
sand,595
fan,589
"bucket, pail",585
"refrigerator, icebox",580
beam,578
bookcase,574
skirt,563
left foot,561
side,561
blade,548
footboard,545
right foot,540
"ottoman, pouf, pouffe, puff, hassock",535
keyboard,531
"bus, autobus, coach, charabanc, double-decker, jitney, motorbus, motorcoach, omnibus, passenger vehicle",527
counter,519
diffusor,512
canopy,508
"apparel, wearing apparel, dress, clothes",505
"waterfall, falls",503
spindle,496
"toilet, can, commode, crapper, pot, potty, stool, throne",485
"screen, CRT screen",482
front,479
"step, stair",475
mug,474
monitor,470
"bathtub, bathing tub, bath, tub",467
"microwave, microwave oven",455
"gravestone, headstone, tombstone",447
"wardrobe, closet, press",443
"text, textual matter",442
"loudspeaker, speaker, speaker unit, loudspeaker system, speaker system",438
stretcher,434
post,430
"faucet, spigot",423
hill,420
bulb,416
"bag, handbag, pocketbook, purse",414
manhole,408
"bridge, span",406
hinge,405
ear,404
backplate,404
countertop,404
"patty, cake",397
"pane, pane of glass, window glass",397
"airplane, aeroplane, plane",392
gate,387
"board, plank",380
button panel,376
cup,375
lid,372
container,371
"hat, chapeau, lid",370
"land, ground, soil",365
crosswalk,365
"candle, taper, wax light",363
"curb, curbing, kerb",363
"hood, exhaust hood",357
snow,356
"doorframe, doorcase",352
"blanket, cover",343
"barrel, cask",341
"deck chair, beach chair",341
"bulletin board, notice board",339
arm panel,335
"dishwasher, dish washer, dishwashing machine",334
"backpack, back pack, knapsack, packsack, rucksack, haversack",330
hand,329
windows,328
notebook,327
tube,325
pool ball,322
sash,321
"grill, grille, grillwork",321
fish,319
dormer,316
nose,313
"document, written document, papers",311
"pitcher, ewer",310
knife,309
bird,306
"case, display case, showcase, vitrine",305
statue,304
"hedge, hedgerow",303
hair,302
burner,300
"bag, traveling bag, travelling bag, grip, suitcase",299
cloud,295
"pipe, pipage, piping",293
corner pocket,291
"booklet, brochure, folder, leaflet, pamphlet",290
central reservation,290
arm support,289
"light bulb, lightbulb, bulb, incandescent lamp, electric light, electric-light bulb",280
jacket,276
"pool table, billiard table, snooker table",274
stove,272
place mat,272
"cliff, drop, drop-off",272
coffee maker,269
bar,267
chain,262
"laptop, laptop computer",261
radiator,260
"banner, streamer",260
arcade machine,254
"trunk, tree trunk, bole",250
drawing,248
"gym shoe, sneaker, tennis shoe",247
teacup,247
cistern,246
pen,244
price tag,241
"remote control, remote",240
computer case,237
metal shutter,232
mouse,231
shirt,230
cord,230
teapot,225
opening,224
"grandstand, covered stand",223
shaft,220
parking meter,216
capital,215
embankment,213
tower,212
kitchen island,209
neck,208
"washer, automatic washer, washing machine",207
lower sash,204
"antenna, aerial, transmitting aerial",204
traffic cone,203
"merchandise, ware, product",203
tap,197
"horse, Equus caballus",197
ladder,196
"partition, divider",196
"toilet tissue, toilet paper, bathroom tissue",193
"stall, stand, sales booth",192
dome,191
soap dispenser,191
"windmill, aerogenerator, wind generator",191
cap,190
face,189
videos,188
rod,188
upper sash,181
fork,180
"screen door, screen",180
"cow, moo-cow",174
"cue, cue stick, pool cue, pool stick",174
"heater, warmer",172
"vent, venthole, vent-hole, blowhole",170
"canister, cannister, tin",170
"kettle, boiler",169
step,168
"microphone, mike",168
"dog, domestic dog, Canis familiaris",168
"slot machine, coin machine",168
"fireplug, fire hydrant, plug",168
boot,167
crane,167
spoon,166
"dishrag, dishcloth",166
"pier, wharf, wharfage, dock",166
housing,166
rack,164
"booth, cubicle, stall, kiosk",164
system,163
"buffet, counter, sideboard",163
shower,163
vending machine,163
hanger,158
"hovel, hut, hutch, shack, shanty",157
"binder, ring-binder",152
fountain,152
riser,149
side pocket,149
"bread, breadstuff, staff of life",147
tread,141
"tank, storage tank",141
"jersey, T-shirt, tee shirt",141
balustrade,141
pallet,140
lock,139
pond,139
pipe,138
stick,137
"pottery, clayware",136
easel,135
"console table, console",135
"postbox, mailbox, letter box",135
landing gear,135
"candelabrum, candelabra",134
soap,134
machine,133
cart,133
"trouser, pant",132
"screen, silver screen, projection screen",131
chest,130
casing,129
buttons,128
"decoration, ornament, ornamentation",126
tomb,125
saucepan,125
"tent, collapsible shelter",125
dummy,122
stage,122
runway,120
cross,119
platform,118
pack,118
hay,118
"towel rack, towel horse",116
stem,115
"wire, conducting wire",112
"train, railroad train",112
toaster,112
"skylight, fanlight",111
printer,111
earmuffs,110
"sweater, jumper",110
guitar,109
entrance,109
ashtray,108
"telephone booth, phone booth, call box, telephone box, telephone kiosk",108
side rail,107
cradle,106
"dish, dish aerial, dish antenna, saucer",106
paper towel,105
bell,105
trunk,105
panel,104
"ice, water ice",103
"scaffolding, staging",102
"bouquet, corsage, posy, nosegay",102
net,102
stabilizer,101
exhibitor,99
"spectacles, specs, eyeglasses, glasses",98
dirt track,95
"streetcar, tram, tramcar, trolley, trolley car",94
sill,94
mast,94
"pedestal, plinth, footstall",92
speaker,92
"label, recording label",92
"escalator, moving staircase, moving stairway",92
skull,91
"footbridge, overcrossing, pedestrian bridge",91
clouds,91
rifle,89
soap dish,89
grille,88
"swimming pool, swimming bath, natatorium",88
"billboard, hoarding",88
rope,87
casserole,87
"beacon, lighthouse, beacon light, pharos",87
"newspaper, paper",86
"conveyer belt, conveyor belt, conveyer, conveyor, transporter",86
"tapestry, tapis",84
garage door,84
"file, file cabinet, filing cabinet",83
"sailboat, sailing boat",83
block,82
sprinkler,81
"arcade, colonnade",80
"blackboard, chalkboard",80
"piano, pianoforte, forte-piano",80
"fire extinguisher, extinguisher, asphyxiator",79
fire escape,77
ship,76
gas cap,76
"altar, communion table, Lord's table",75
receiver,75
"ad, advertisement, advertizement, advertising, advertizing, advert",75
lake,75
"fabric, cloth, material, textile",74
"leaf, leafage, foliage",74
"lumber, timber",74
wing,73
armrest,72
pedestal,72
coffee cup,71
manchette,71
"shower stall, shower bath",71
sun,71
projector,70
"grand piano, grand",70
"handle, grip, handgrip, hold",70
steps,70
briefcase,69
"numeral, number",69
rowing,69
"gas pump, gasoline pump, petrol pump, island dispenser",69
"rocking chair, rocker",68
hot tub,68
sandal,68
duck,68
bollard,68
brush,67
motor,67
"eiderdown, duvet, continental quilt",67
"baby buggy, baby carriage, carriage, perambulator, pram, stroller, go-cart, pushchair, pusher",67
equipment,67
"elevator, lift",66
desk chair,66
"hen, biddy",66
fuselage,66
"carapace, shell, cuticle, shield",65
"camera, photographic camera",65
"mouse, computer mouse",65
"pipe, tube",65
piston,63
crock,62
court,62
"basket, basketball hoop, hoop",62
bus stop,61
mineral,60
flusher,60
bamboo,60
closet,59
"arch, archway",59
branch,59
"cash register, register",59
keys,58
bedpost,58
pier,58
planter,58
school desk,57
"mousepad, mouse mat",57
frying pan,57
balloon,57
"scale, weighing machine",56
trailer,56
cactus,56
forecourt,56
paper roll,55
ruins,55
"baseboard, mopboard, skirting board",55
metal shutters,55
island,55
turbine engine,55
map,54
vault,53
lectern,52
card,51
"trophy, prize",51
vent,51
sail,51
lights,51
desk organizer,49
table football,49
meter,49
"candy, confect",49
terrace,49
"aircraft carrier, carrier, flattop, attack aircraft carrier",49
cold storage,48
barrier,48
"mezzanine, first balcony",47
sliding door,47
calendar,47
mask,47
"rubbish, trash, scrap",47
hangers,46
mattress,46
helmet,46
"display window, shop window, shopwindow, show window",45
label,45
cannon,45
cane,45
support,44
hotplate,44
straw,44
"ninepin, skittle, skittle pin",44
wiper,44
cockpit,44
dvd,43
arcades,43
playground,43
hanging clothes,43
ice maker,42
slide,42
radio,42
clothes hanging,42
wave,42
tunnel,42
"ingot, metal bar, block of metal",42
plaque,41
"water faucet, water tap, tap, hydrant",41
sash lock,41
television camera,41
wood,41
dish rack,41
tureen,41
"card game, cards",41
video,41
"chopping board, cutting board",41
finger,41
folders,40
grille door,40
violin,40
tumble dryer,40
saltcellar,40
elevator door,40
controls,40
smoke,40
whitewater,40
scarf,39
h-stretcher,39
workbench,39
berth,39
coat,39
"ball, globe, orb",39
tank lid,39
helicopter,39
dvds,39
vegetables,39
railway,39
deck,39
"shop, store",39
pictures,38
tins,38
"cellular telephone, cellular phone, cellphone, cell, mobile phone",38
lockers,38
magazine rack,38
body,38
scoreboard,38
barrels,38
iceberg,38
meat,38
pitch,38
brushes,37
display board,37
hair dryer,37
hook,37
food processor,37
cutlery,37
candies,37
porch,37
television stand,36
table tennis,36
leaves,36
necklace,36
curtains,36
blender,36
sand dune,36
diploma,35
folding screen,35
model,35
niche,35
broom,35
mat,35
pool,35
bidet,35
blinds,35
bowls,35
"valley, vale",35
"ice floe, floe",35
ring,35
artificial golf green,35
sacks,35
clothespin,34
tile,34
headphones,34
"pylon, power pylon",34
ceramic box,34
notepad,34
button,34
handrail,34
monument,34
plug,33
hose,33
file cabinet,33
shovel,33
stands,33
cage,33
bottle rack,33
paddle,33
shops,33
caravan,33
roll,32
cds,32
floor spotlight,32
music stand,32
drain,32
logo,32
pumpkin,32
cabin,32
sheep,32
towel ring,31
slipper,31
pool balls,31
table game,31
grating,31
water tower,31
seagull,31
slope,31
swmming pool,31
track,31
shelter,31
cookies,31
bowling alley,31
street sign,31
hatchery,31
pulpit,30
brochure,30
security camera,30
planks,30
toilet brush,30
toothbrush,30
racket,30
decor,30
"steering wheel, wheel",30
car scrapping,30
sack,30
breads,30
ice rink,30
machinery,30
test,29
cooker,29
spotlights,29
plant pots,29
dvd player,29
vineyard,29
fabrics,29
sign,29
recycling bin,29
machine gun,28
ramp,28
ceramic pot,28
menu,28
fabric,28
mill,28
bread rolls,28
ride,28
punching bag,28
landing track,28
podium,27
"altarpiece, reredos",27
figure,27
float,27
napkin ring,27
light switches,27
puddle,27
fender,27
goal,27
aqueduct,27
rakes,27
mobile,26
folding door,26
elephant,26
key,26
carousel,26
nuts,26
dam,26
harp,26
golf club,26
carport,26
revolving door,26
control tower,26
canvas,25
cat,25
skeleton,25
shanties,25
shanty,25
sugar bowl,25
teddy,25
sockets,25
head rail,25
sweatshirts,25
structure,25
staircase,25
meat piece,25
tennis court,25
sand trap,25
target,25
check-in-desk,25
"windshield, windscreen",25
instrument panel,25
roundabout,25
wheelchair,24
chess,24
"alarm clock, alarm",24
wheelbarrow,24
tractor,24
spice rack,24
display,24
"alarm, warning device, alarm system",24
post light,24
pavilion,24
chicken,24
locker,24
doors,24
"patio, terrace",24
thermostat,23
synthesizer,23
flip flop,23
tissue,23
cable,23
pan,23
visor,23
bulldozer,23
train tracks,23
tongs,23
safety belt,23
parterre,23
"dormer, dormer window",23
office partition,23
scissors,22
voting booth,22
firewood,22
plastic,22
molding,22
apple,22
pepper shaker,22
postcard,22
chips,22
pallets,22
lava,22
chocolate,22
booth,22
skittle alley,22
bowling pins,22
terraces,22
weights,22
test tube,22
embrasure,21
tripod,21
brick,21
gutter,21
slats,21
interior casing,21
barbecue,21
stapler,21
utensils,21
kitchen,21
candle,21
excavator,21
rocky formation,21
forklift,21
badge,21
"push button, push, button",21
eaves,21
crate,21
weighbridge,21
file box,20
paintbrush,20
organ,20
ticket window,20
eyeglasses,20
ice bucket,20
switches,20
switch,20
sewing machine,20
pantry,20
trench,20
stalactite,20
trellis,20
hats,20
light bulb,20
jam,20
paper cups,19
toilet paper holder,19
earrings,19
closet rod,19
sweatshirt,19
filter,19
salt,19
boards,19
kitchen utensils,19
dishes,19
parking,19
greenhouse,19
ski,19
bandstand,19
foodstuffs,19
book stand,19
goods,19
barrel rack,19
gazebo,19
hip tiles,19
bars,19
"aquarium, fish tank, marine museum",18
photo machine,18
extractor fan,18
club,18
paper filer,18
stringer,18
steam shovel,18
rung,18
badlands,18
semidesert ground,18
desert,18
fog bank,18
medicines,18
roller coaster,18
petal,18
reel,18
skylight,18
service station,18
pelt,18
place card,18
iron tubes,18
trestle,17
cells,17
wallet,17
bathrobe,17
watering can,17
branches,17
files,17
star,17
safety rail,17
mitten,17
table runner,17
ball storage,17
footrest,17
skis,17
safety side,17
gravel,17
rocky formations,17
dolphin,17
propeller,17
wires,17
patio,17
tracks,17
roof rack,17
watchtower,17
lamp housing,17
washing machines,17
tables,16
monitors,16
packet,16
sheet,16
overflot plate,16
pepper,16
surfboard,16
coral,16
padlock,16
telescope,16
detergent dispenser,16
containers,16
instrument,16
straw bale,16
hood,16
pack of snuff,16
swing,16
flags,16
water chute,16
luggage,16
cargo,16
fire engine,16
ribbon,15
stalls,15
sponge,15
pots,15
coat rack,15
tools,15
baskets,15
right shoulder,15
pineapple,15
tool,15
plateau,15
mountain pass,15
stalagmite,15
quay,15
ski lift,15
forest,15
pig,15
bread roll,15
pendant,15
candy bag,15
shopping cart,15
ticket counter,15
fairground ride,15
bat,15
gates,15
swimming pool ladder,15
inflatable glove,15
dashboard,15
entry phone,15
henhouse,15
dental chair,15
post-it,14
seating,14
teeth,14
coaster,14
doll,14
clothing,14
fire,14
lantern,14
log,14
pigeonhole,14
treadmill,14
hole,14
landfill,14
dune,14
poles,14
"wave, moving ridge",14
cows,14
beer machine,14
hairdresser chair,14
girder,14
bullring,14
chip,14
hobby-horse,14
inflatable bounce game,14
swings,14
fire alarm,14
shore,14
water wheel,14
barricade,14
scrub,14
headstones,14
street box,14
set of instruments,14
penguin,13
stuffed animal head,13
spray,13
coffin,13
rudder,13
iron,13
bracelet,13
fringe,13
tablecloth,13
socks,13
pens,13
table cloth,13
foot rest,13
left shoulder,13
trash bag,13
lemon,13
factory,13
cave,13
village,13
glove,13
spade,13
rubber boat,13
ground desert,13
pumpkins,13
rope bridge,13
paving stone,13
waterfall,13
hair spray,13
margarine,13
big top,13
gun,13
control panel,13
gas station,13
shed,13
"cash machine, cash dispenser, automated teller machine, automatic teller machine, automated teller, automatic teller, ATM",13
temple,13
bunch grapes,13
material rolls,13
dartboard,12
chair desk,12
catwalk,12
candles,12
score,12
flask,12
microscope,12
mosque,12
loudspeaker,12
throne,12
shower curtain,12
cover curtain,12
joist,12
centerpiece,12
plate mat,12
napkin rack,12
rake,12
calculator,12
skimmer,12
spout,12
tomato,12
bookend,12
"videocassette recorder, VCR",12
pillows,12
shipyard,12
garbage,12
tires,12
rubble,12
cloudy sky,12
stalactites,12
hay bale,12
buoy,12
savanna,12
cigar box,12
golf cart,12
"flood, floodlight, flood lamp, photoflood",12
stationary bicycle,12
poncho,12
toll booth,12
viaduct,12
sinks,12
tombs,12
igloo,12
pack of cigarettes,12
railway tie,12
reels,12
index cards,11
paint brushes,11
baptismal font,11
garland,11
thermos,11
drums,11
"box office, ticket office, ticket booth",11
hairbrush,11
towel radiator,11
digital clock,11
lampshade,11
chest of drawers,11
belt,11
runner cloth,11
vases,11
wood art,11
seal,11
pad,11
transformer,11
bread box,11
toaster oven,11
footpath,11
mechanical shovel,11
parking lot,11
rainbow,11
weeds,11
milestone,11
stump,11
ice shelf,11
ham,11
ferris wheel,11
labyrinth,11
sandbox,11
bicycle rack,11
rubber ring,11
buttress,11
sping,11
flag pole,11
acropolis,11
lab bench,11
urinal,11
tire,11
kennel,11
bulbs,11
cages,11
palette,10
scotch tape,10
white board,10
confessional booth,10
witness stand,10
first floor,10
christmas tree,10
antler,10
cardboard,10
vanity,10
leaf,10
socket,10
stereo,10
oar,10
cover,10
well,10
ornament,10
watch,10
curtain cover,10
urn,10
sports bag,10
bedspring,10
pinball,10
chalk,10
miniature chair,10
skirting board,10
wreath,10
foot,10
cups,10
grill,10
wheat,10
screw,10
drum,10
leather,10
parking place,10
pond water,10
tableland,10
fences,10
observatory,10
cape,10
shawl,10
cubicles,10
caps,10
flyer,10
exercise bike,10
ticket office,10
bull,10
card table,10
tiger,10
clipboard,10
shutters,10
bricks,10
tombstones,10
headstone cross,10
covered bridge,10
flower basket,10
power point,10
desk mat,10
label tag,10
"alga, algae",9
basin,9
light tower,9
curtain,9
shower tray,9
shower faucet,9
shower room,9
sofa bed,9
coffee pot,9
"central processing unit, CPU, C P U , central processor, processor, mainframe",9
envelope,9
pet dish,9
canes,9
"andiron, firedog, dog, dog-iron",9
fire utensils,9
oil lamp,9
sticks,9
creamer,9
latch,9
wok,9
dispenser,9
strainer,9
cables,9
bed side,9
toe board,9
tanks,9
water surf,9
deck chairs,9
rocky wall,9
moss,9
vine,9
combine harvester,9
hillside,9
sled,9
tomatoes,9
arcade machines,9
fence,9
bleachers,9
umbrellas,9
diving board,9
seat belt,9
elevator doors,9
saddle,9
doorbell,9
canal,9
obelisk,9
backdrop,9
roads,9
control table,9
fax machine,8
font,8
baby chair,8
rocker,8
"anchor, ground tackle",8
name,8
idol,8
coat of arms,8
portable fridge,8
blankets,8
ironing board,8
"hinge, flexible joint",8
valve,8
smoke detector,8
fireplace utensils,8
small table,8
puf,8
floor recessed light,8
skirts,8
decanter,8
counters,8
table mat,8
bottle pack,8
toolbox,8
golf bag,8
pencil,8
gripper,8
ladle,8
water cooler,8
stools,8
cue rack,8
cassette,8
pilon,8
blueberry,8
moon,8
goose,8
camel,8
tundra,8
cookie,8
camcorder,8
castle,8
cloak,8
root,8
creeper,8
thermometer,8
street number,8
arch,8
gangway,8
wood blocks,8
stone ball,8
bar lift,8
howdah,8
notes,8
dye,8
toll gate,8
waterway,8
freight goods,8
light,8
feeder,8
fort,8
ranch,8
skyscrapers,8
sky scraper,8
skip,8
japanese lantern,8
"worktable, work table",8
stables,8
console,7
potters wheel,7
file,7
id,7
graphic equalizer,7
file cabinets,7
pulley,7
"cistern, water tank",7
window scarf,7
clamp,7
side jamb,7
comforter,7
orange,7
placard,7
pinecone,7
cushions,7
hammer,7
wine rack,7
dvd box,7
engine,7
egg,7
packages,7
snowboard,7
materials,7
cave entrance,7
"tarmacadam, tarmac, macadam",7
grassland,7
canyon,7
rocky ground,7
crevasse,7
undergrowth,7
snowy,7
walrus,7
drift ice,7
glacier,7
skywalk,7
steering wheel,7
bread basket,7
sausage,7
security door,7
terminal,7
hoop,7
funfair,7
walkway,7
bowling ball return,7
ropes,7
buckets,7
game,7
mobile home,7
floodlight,7
barbed wire,7
baggage carts,7
rails,7
house number,7
mausoleum,7
columbarium niche,7
bud,7
remains,7
incense,7
bicycle racks,7
leave,7
vane,7
palisade,7
aircraft,7
lockgate,7
newspaper stand,7
paint brush,7
casing interior,6
ice cream,6
lighter,6
bidon,6
door bars,6
decorative glass,6
"entrance, entranceway, entryway, entry, entree",6
bone,6
package,6
folding chair,6
slippers,6
legs,6
bow,6
umbrella stand,6
shower door,6
binoculars,6
dressing table,6
chaise lounge,6
tricycle,6
blouse,6
birdcage,6
logs,6
cruet,6
blind,6
platter,6
pear,6
tape,6
jack,6
vacuum cleaner,6
skate,6
junk,6
vessel,6
hard drive,6
pen set,6
video camera,6
plate rack,6
weight,6
garlic,6
mixer,6
towel paper,6
dried herbs,6
shaker,6
onion,6
sauce,6
eggs,6
stuffed head,6
woodcarving,6
coconut,6
canoe,6
beams,6
dumbbell,6
salt shaker,6
tupper,6
blast furnace,6
sheep pen,6
scrubland,6
baseball field,6
pagoda,6
livestock,6
furrow,6
pickle,6
strongroom,6
blusher brush,6
auxiliary trolley,6
freezer,6
wig,6
scarfs,6
ice cone,6
contrabass,6
ice hockey rink,6
"playing field, athletic field, playing area, field",6
notice board,6
pergola,6
golf ball,6
sword,6
litter basket,6
sandpit,6
schoolyard,6
ski slope,6
rider,6
buses,6
city,6
ski lift cabin,6
bowling pin,6
stripe,6
street lights,6
swamp,6
jetty,6
buffet,6
silo,6
hollow,6
sewer,6
square,6
lattice,6
petrol pump,6
warship,6
carriage,6
toll plaza,6
water mill,6
division,6
separator,6
cream tube,6
wind turbine,6
hole puncher,5
ceramics,5
plastic cup,5
pit,5
gas cylinder,5
pyramid,5
rose window,5
recorder,5
cassettes,5
record player,5
bones,5
material,5
gloves,5
boiler,5
pipelines,5
"water vapor, water vapour",5
cream,5
drain pipe,5
toothpaste,5
shampoo,5
clamp lamp,5
cool box,5
tallboy,5
"art, fine art",5
dog dish,5
webcam,5
"highlight, highlighting",5
hammock,5
drill,5
ties,5
tie,5
tassle,5
salt and pepper,5
doily,5
strawberry,5
mantle,5
flame,5
jug,5
glass separation,5
cues,5
paint pot,5
lever,5
shorts,5
overhang,5
grinder,5
funnel,5
packets,5
onions,5
fruit stand,5
water tank,5
tilt wand,5
fish tank,5
cd,5
cooler,5
ornaments,5
earth,5
debris,5
warehouse,5
station,5
wagon,5
floor,5
spire,5
plant,5
barn,5
soil,5
ice mountain,5
sand dunes,5
fish farm water,5
seedbed,5
ice field,5
fog,5
salt marsh,5
refuge,5
fishing rod,5
pork,5
sandbar,5
hot air balloon,5
office,5
security door frame,5
rubbish,5
till,5
necklaces,5
sandwich,5
rotisserie,5
sugar,5
jewelry display,5
earthenware jar,5
wooden wedge,5
park,5
tarp,5
obstacle,5
basketball court,5
ball rack,5
fern,5
marker,5
eyebrow,5
strips,5
steam room,5
sauna,5
ski trail,5
massage bed,5
building materials,5
screens,5
spice jar,5
headrest,5
security checkpoint,5
envelopes,5
railroad track,5
subway,5
posters,5
driveway,5
terrace cafe,5
mesh guard rail,5
business cards,5
nail,5
runway strip,5
trough,5
garage,5
batting cage,5
water ditch,5
"fire escape, emergency exit",5
huts,5
kennels,5
electric cable,5
santa claus,5
cornice,5
street market,5
plant box,5
award,5
forge,5
degree certificate,5
meat bags,5
paper rack,4
bomb,4
rifles,4
paint bucket,4
rule,4
drawing table,4
pencils,4
trolley table,4
stone wall,4
gear,4
dustpan,4
heart,4
modern art,4
shrine,4
"amphitheater, amphitheatre, coliseum",4
moulding,4
suit hanger,4
watercraft,4
wall mount,4
towel dispenser,4
towel rail,4
sport bag,4
bedspread,4
sleeping robe,4
sticker,4
handbag,4
cube,4
mural,4
flip flops,4
mortar,4
baseball,4
gravy boat,4
decorative wood,4
"shell, case, casing",4
goblet,4
grapes,4
bananas,4
machines,4
skateboard,4
scanner,4
typewriter,4
joystick,4
control,4
stuffed animal,4
bread lift,4
spatula,4
magnet,4
"front, front end, forepart",4
dish soap,4
pans,4
tiles,4
cheese,4
turtle,4
cock,4
chairs lift,4
basket,4
special shape,4
"blade, vane",4
back cushion,4
xxx,4
folding doors,4
cue,4
cross bracing,4
steamroller,4
tarpaulin,4
wheels,4
quonset hut,4
car wreck,4
stones beach,4
tools box,4
bamboo canes,4
waves,4
silos,4
flock of sheep,4
rafting,4
ice wall,4
ground shrubs,4
backpacks,4
tree trunks,4
tree top,4
rowing boat,4
wave splash,4
monolith,4
nest,4
raft,4
sun deck,4
telegraph pole,4
salt plain,4
sinkhole,4
swan,4
gateway,4
horn,4
tail,4
wheat spike,4
pie,4
belts,4
postcards,4
money,4
dice,4
sweets,4
flavorings,4
top support,4
baseball glove,4
cabbages,4
paper dishes,4
balloons,4
big wheel,4
tents,4
cable car,4
tablet,4
hurdle,4
boxing gloves,4
bonfire,4
fruit machine,4
craps table,4
games table,4
game table,4
covered wagon,4
pillar,4
dumbbells,4
skating rink,4
drinking fountain,4
games,4
leash,4
playground equipment,4
racquet,4
volleyball court,4
check-in-desks,4
background,4
harness,4
menu card,4
railroad,4
railroad train,4
pants,4
icicle,4
hoof,4
silverware,4
napkin holder,4
port,4
kayak,4
chippings,4
crates,4
stake,4
sacks wall,4
parking entrance,4
houseboat,4
chick,4
motorboat,4
traffic cones,4
curb cut,4
storm drain,4
mannequin,4
butane gas cylinder,4
sphere,4
plants,4
railway engine,4
microbrewery,4
coop,4
reclining chair,4
alembic,4
pressure gauge,4
manometer,4
feeding trough,4
stethoscope,4
syringe,4
step machine,4
stained-glass window,4
haversack,3
pliers,3
oil,3
plane,3
pencil case,3
sckool desk,3
scool desk,3
mechanism,3
cell,3
water can,3
grandfather clock,3
colour board,3
saxophone,3
guitar cover,3
power,3
spray bottle,3
razor,3
sea star,3
shaving brush,3
toilet kit,3
night light,3
single hung,3
rocking horse,3
bed column,3
clock radio,3
quilt,3
dressing screen,3
teddy bear,3
carousel horse,3
coats,3
valance,3
gourd,3
cove,3
flowrs,3
vanity bag,3
tennis table,3
ping pong paddle,3
juke box,3
taper,3
ax,3
paper weight,3
external drivers,3
dvds box,3
cds box,3
dvds rack,3
photocopier,3
butterfly,3
blinder,3
bed trolley,3
photo,3
squeezer,3
outlet,3
coffee grinder,3
can opener,3
bread slot,3
spoons,3
whisk,3
ceiling recessed light,3
dish towel,3
forks,3
paper napkin,3
pressure cooker,3
pepper grinder,3
spices,3
fryer,3
peach,3
corkscrew,3
slotted spoon,3
coasters,3
griddle,3
saw,3
casse,3
cheese dish,3
cigarette packet,3
folding chairs,3
decorations,3
crock pot,3
music box,3
drawings,3
stained glass,3
starfish,3
stockings,3
light sw,3
siphon,3
pastry,3
potatoes,3
dollhouse,3
gasworks,3
cars scrapping,3
pile of trash,3
steel beam,3
breakwater,3
mound,3
planats,3
gull,3
ledge,3
foliage,3
ice ground,3
trees,3
riad,3
killer whale,3
snow covered plain,3
donkey,3
urbanization,3
snowy ground,3
crater,3
plats,3
planat,3
buoys,3
safe,3
souk,3
trolley tray,3
hams,3
tops,3
sprays,3
thread,3
banjo,3
photo backdrops,3
shopping carts,3
merry-go-round,3
bottom rail,3
bowling alleys,3
earphones,3
cases,3
horizontal bar,3
barbell,3
gym machine,3
window rose,3
climbing frame,3
chair lift,3
sky lift,3
railings,3
starting gate,3
luggage rack,3
carts,3
ticket machine,3
gas pedal,3
brake pedal,3
clutch pedal,3
flight deck,3
key pad,3
service elevator,3
lower deck,3
ventilator,3
handlebar,3
salt and pepper shakers,3
sunglasses,3
hull,3
funicular,3
antenna,3
ridge tiles,3
plants pot,3
power box,3
ditch,3
bookstall,3
pole sign,3
freezing ground,3
bear,3
housing project,3
oxygen tank,3
ski pole,3
grapevine,3
bunch,3
gable,3
fireworks,3
sidewalk,3
wipers,3
church,3
finial,3
rainshield,3
battlement,3
truck crane,3
fire truck,3
petrol pump hose,3
guardhouse,3
skids,3
car,3
exhaust pipe,3
crutch,3
oyster bank,3
cigarette,3
shrub,3
premade house,3
shantytown,3
movie poster,3
fuel pump,3
electricity box,3
power meter,3
utility panel,3
construction equipment,3
numbers,3
entrance parking,3
postbox,3
smoke escape,3
tramway,3
laundry,3
building ziggurat,3
switch box,3
car wash,3
industrial robot,3
spanner,3
precision balance,3
panels,3
instrument control,3
powder compact,3
call buttons,3
"control panel, instrument panel, control board, board, panel",3
mold,3
straw bales,3
directory,3
mine,3
pen holder,3
in box,3
server,3
beer pump,3
slicer,3
street name,3
storage rack,3
jellyfish,2
glasses case,2
puff,2
ballon,2
crafts,2
paper rolls,2
white coat,2
loft,2
loom,2
paintings,2
notice,2
chinese lantern,2
lathe,2
diffuser,2
botijo,2
ribbons,2
drawing tables,2
cell door,2
dropper,2
panes,2
autopsy table,2
music machine,2
equalizer,2
strip,2
skulls,2
planetarium,2
pantheon,2
lighting,2
ring binder,2
ceiling lamp,2
beds,2
soaps,2
sponges,2
toilet paper roll,2
drain plug,2
partition wall,2
flyscreen,2
sheets,2
pendant lamp,2
threshold,2
poker,2
mirror support,2
closure,2
wicker basket,2
tissues,2
glass box,2
pad of paper,2
extractor pipe,2
sock,2
sutter,2
bed runner,2
bunk,2
bow window,2
botlle,2
blocks,2
bunk bed,2
fruit bowl,2
football,2
cereal dispenser,2
vasse,2
ceramic hob,2
cruet set,2
photo album,2
peaked cap,2
plastic cups,2
sleeping bag,2
ticket vending machine,2
rowing machine,2
skates,2
vest,2
pen box,2
scratching post,2
microphone,2
pot pen,2
strip light,2
duster,2
coffee,2
dried flowers,2
shelves,2
dishcloths,2
pot rack,2
water dispenser,2
baseboards,2
paper napkins,2
straws,2
sliding,2
umbrella rack,2
head jamb,2
ceiling decor,2
pastries,2
dish drainer,2
hot mitt,2
intercom,2
ipod,2
tablecloths,2
peppers,2
champagne bucket,2
buttons panel,2
processing machine,2
caabinet,2
cabubet,2
doo,2
lettuce,2
air freshener,2
mushroom,2
scoop,2
scourer,2
spiral staircase,2
tea set,2
silver bird statue,2
cd box,2
sculptures,2
curtain support,2
fax,2
rocking,2
stocking,2
turntables,2
jamb,2
dvd players,2
flute,2
picnic spot,2
caffee table,2
cobbles,2
floor fan,2
wall clock,2
baby walker,2
bassinet,2
walker,2
frying pans,2
cork,2
cue place,2
books,2
dryer,2
triangle,2
billiard ball,2
billiard balls,2
router,2
chess table,2
trowel,2
showers,2
freight train,2
security cameras,2
tubes,2
winch,2
hoe,2
chimneys,2
wire mesh,2
bucket,2
nuclear reactor,2
refinery,2
metal structure,2
wood wall,2
tortoise,2
bog water,2
parachute,2
white water,2
escarpment,2
grass field,2
sunflowers field,2
kite,2
bee,2
water lily,2
ground leaves,2
tree leaves,2
persons,2
islet,2
snowy mountain pass,2
goat,2
reaper,2
stream,2
quicksand,2
row,2
creek,2
1,2
sstone,2
plantas,2
fitting room,2
strongbox,2
washbasin chair,2
spray can,2
cutting machine,2
cold store,2
tongue,2
feed,2
ice cream machine,2
earring,2
pyjamas,2
juice machine,2
saucepans,2
set of pigeonholes,2
sweet,2
veil,2
private place,2
hairpieces,2
goldfish bowl,2
magnifying glass,2
feather,2
"accordion, piano accordion, squeeze box",2
bracelets,2
sopping cart,2
candy bags,2
water pump,2
swimming costume,2
set square,2
oil tubes,2
stave,2
roller coaster cars,2
cranes,2
boardwalk,2
horse carousel,2
rocket,2
squash,2
booths,2
postes,2
running track,2
"face, human face",2
inflatable toy,2
basketball,2
white mark,2
disk,2
shield,2
supporting iron metal,2
floor light,2
ornamental structure,2
video game,2
roulette,2
stone slab,2
exercise bench,2
exercise bikes,2
lawn mower,2
mosaic,2
buildigs,2
trampoline,2
puff doll,2
monkey,2
golf green,2
squirrel,2
bear cutout,2
equestrian obstacle,2
soccer goal,2
steam roller,2
stadium,2
deck boat,2
store,2
moving walkway,2
gearshift,2
glove compartment,2
window frame,2
switchboard,2
button box,2
meters,2
level,2
"license plate, numberplate",2
dishrack,2
papr,2
hatch,2
wheelhouse,2
gear shift,2
torrent water,2
stripes,2
paperweight,2
site hut,2
"swab, swob, mop",2
pilot cockpit,2
sheeps,2
sugar packet,2
bus station,2
light pole,2
rest,2
pie spinach,2
crumb,2
spinach,2
icicles,2
scarecrows,2
power lines,2
safety net,2
laptop bag,2
snowboard shape,2
catch,2
valley urban,2
football stadium,2
roots,2
paints,2
curb,2
barrack buildings,2
lodge,2
"adding machine, totalizer, totaliser",2
person swimming,2
incinerator,2
viewpoint,2
hens,2
storage jar,2
spaceship,2
snacks,2
pelts,2
control room,2
paper box,2
waterscape,2
water fountain,2
pipeline,2
belt loader,2
road,2
ledges,2
gondola,2
"crossing, crosswalk, crossover",2
electricity meter,2
grpimd,2
train track,2
amplifier,2
life preserver,2
petrol pumps,2
fuel station,2
missile,2
tubing,2
hard shoulder,2
persoon,2
snowshoe,2
hutch,2
pins,2
lightning,2
graiting,2
price list,2
gatehouse,2
observation tower,2
trash bags,2
walking stick,2
wagons,2
railways,2
restroom,2
red light,2
bushes,2
rocks,2
solar panel,2
weathervane,2
slum shanties,2
dolmen,2
grid,2
utility box,2
gas meter,2
knocker,2
rain gutter,2
porch rail,2
trolly,2
underground station,2
clothing rack,2
card display,2
post box,2
columns,2
"head, caput",2
building,2
vine shoot,2
piece,2
runner,2
projector rack,2
control cabinet,2
developing machine,2
dental swivel chair,2
professional degree,2
makeup,2
furnace room,2
furnace,2
hearth,2
medical machine,2
stone,2
newspaper rack,2
steel industry,2
comic strip,2
cyclotron,2
recycling materials,2
gear wheel,2
threads,2
cotton,2
spanners,2
trolley basket,2
trolley drawers,2
weapons,2
divider,2
minced meat,2
lance,2
linens,2
crosses,2
oriental lantern,2
slice,2
drawing board,2
industrial machine,2
shark,1
shoal,1
file boxes,1
index card,1
frames,1
metal piping,1
carper,1
table tenis,1
names,1
papr cup,1
ballons,1
sketch,1
goggles,1
toothpick,1
glue,1
gliue,1
welder,1
bass drum,1
lithograph,1
fluorescent,1
paint box,1
cutter,1
textile loom,1
trestles,1
canvases,1
planer,1
circular saw,1
shavings,1
drill bits,1
clay,1
box stands,1
ceiling re,1
baptistry,1
symbol,1
scraper,1
tissue pack,1
cup paper,1
work coat,1
set office,1
sscool desk,1
schoo desk,1
stuffed bird,1
compter,1
watermelon,1
units,1
box jury,1
abacus,1
centrifuge,1
paprs,1
notebokk,1
puzzle,1
cold storage door,1
music control table,1
music devices,1
compact discs,1
cd stand,1
clarinet,1
cumputer,1
keyboaard,1
model dinosaur,1
trolley crane,1
microph,1
ballots,1
voting instructions,1
judge table,1
secretary table,1
sheves,1
safes,1
tele vision,1
piprlinrd,1
rop,1
bath sponge,1
tap wrench,1
faucet drain lever,1
tissue dispenser,1
rings,1
deodorant,1
slates,1
nail brush,1
foam,1
toilet bag,1
toilet paper rolls,1
trap door,1
soap bar,1
water valve,1
shower shelf,1
powder,1
comb,1
toilet set,1
shower head,1
bathroom tiles,1
floot,1
paper towels box,1
electric toothbrush,1
matchbox,1
widow,1
paper clip,1
decoder,1
strawberries,1
canlendar,1
flashlight,1
casket,1
throw,1
fishing pole,1
wireless,1
spread,1
welcome card,1
truckle bed,1
half moon,1
deer,1
box spring,1
electronic organ,1
upper,1
showerhead,1
caca,1
herb,1
distaff,1
power strip,1
skating boots,1
phone charger,1
wooden overhang,1
fur,1
asdf,1
night ttable,1
windwo,1
shade translucent,1
harpoon,1
traverse,1
potty,1
dlooe,1
sliding doors,1
nordic comforter,1
chais,1
pendant plant,1
maracas,1
laundry basket,1
moon decoration,1
cockpot,1
sokcs,1
dog bed,1
table runners,1
cello cover,1
saucers,1
chopstick,1
butter dish,1
pine decoration,1
bascket,1
piture,1
colum,1
plat,1
knige,1
sauceboat,1
feeding bottle,1
light switch,1
contact lens case,1
buttocks,1
clamp spotlight,1
otlet,1
swatshirt,1
chothing,1
amphora,1
steps machine,1
puppet,1
gaming table,1
rack cue,1
make,1
paint can,1
pile of junk,1
porexpan board,1
wire mower,1
rack tool,1
screwdriver,1
rackets,1
secateurs,1
tool kit,1
chainsaw,1
tulipa,1
writing desk,1
cords,1
power cord,1
screem,1
phone fax,1
cd stack,1
rolls,1
clip,1
compas,1
pencil cup,1
back control,1
folded box,1
guillotine,1
kit,1
guitar case,1
tape measure,1
sound equipment,1
hotel safe,1
telepho,1
trash can,1
grater,1
spices rack,1
cup maker,1
cake mold,1
bin,1
utensils rack,1
mop handle,1
breadbasket,1
stopper,1
mug holder,1
wooden cutlery,1
slow cooker,1
raw disposal basket,1
salt pepper cellar,1
pet bowl,1
plates rack,1
small chair,1
push buttons,1
spatulas,1
baseboard,1
coffee cup rack,1
avocados,1
folding table,1
hanging utensils,1
generator,1
heating,1
organizer,1
crackers,1
pot holder,1
oil jar,1
vinegar jar,1
pot lid,1
drapes,1
wooden utensils,1
knobs,1
paper towels dispenser,1
extension cord,1
large fork,1
swiss chard,1
hand bellows,1
letter mail,1
dipper,1
measuring spoons,1
large rabbit,1
rabbit,1
bib,1
pot of herbs,1
hot peppers,1
pot hanger,1
pressure washer,1
football trophy,1
sunflower,1
pitchfork,1
twizzlers,1
potted fern,1
tin box,1
place setting,1
mirrors,1
pestle,1
npkin,1
mug set,1
egg cup,1
outet,1
lobster,1
papers roll,1
rolling pin,1
plaate,1
berbiqui,1
oytlet,1
winddow,1
cabomet,1
worctop,1
cceiling,1
plae,1
teacups,1
lemons,1
bottlr,1
dog feeder,1
hotlp,1
stoo,1
abinet,1
paper r,1
teacup set,1
cabine,1
marking pens,1
egg tray,1
copper vessel,1
iron po,1
buns,1
iron pot,1
water filter,1
hourglass,1
shells,1
pediment,1
crock rack,1
wood figure,1
deer antler,1
zipper,1
tapes,1
piano pedals,1
metal decoration,1
coconuts,1
ceiling piece,1
seltzer bottle,1
silver canister,1
bull skull,1
bookends,1
gramophone,1
checkers table,1
checkers pieces,1
motion detector,1
log holder,1
troller,1
mantle piece,1
notecards,1
swinging seat,1
carpets,1
painiting,1
pine decor,1
records,1
sade,1
firewood rack,1
backplaete,1
pant,1
dve,1
soundbar,1
microw,1
case,1
sheets pack,1
sliding rod,1
ourlet,1
crib,1
training potty,1
coffee cups,1
roller,1
colander,1
kitchen towel,1
scratcher,1
book rack,1
ornamental box,1
carp,1
dppr,1
hockey table,1
pool bass,1
elliptical machine,1
pool triangle,1
waall,1
ches table,1
reloj,1
platre,1
televisio,1
cd rack,1
foot rail,1
roadroller,1
digger,1
wooden structure,1
sledgehammer,1
power showel,1
drilling equipment,1
ciment mixer,1
dust,1
demolition house,1
manufacturing plant,1
fumes,1
rubbish dump,1
industry,1
buildings factory,1
plastic bottles,1
paath,1
lgiht post,1
cars scraping,1
scrapping cars,1
junk pile,1
can,1
erase,1
steel wire,1
industrial building,1
electrical substation,1
electrical plant,1
rail track,1
spillway,1
protective railing,1
disposal plant,1
caar,1
lagoon,1
sand hill,1
canyons,1
barren land,1
woman,1
badlands hills,1
sandals,1
person sitting,1
water bog,1
bonsai tree,1
platns,1
rocky mountains,1
stalagmites,1
rocky ceiling,1
cavern,1
mountain ledge,1
foal,1
pebbles,1
jground,1
lumps,1
desert ground,1
beard,1
pplant,1
plants shrubs,1
ground sand,1
pert,1
lily pads,1
oilcloth,1
nukestibe,1
"seaplane, hydroplane",1
stone path,1
trees top,1
snow land,1
tinb,1
bakk,1
rocky mountain grot,1
grotto,1
wind chimes,1
desert field,1
rock formations,1
stumps,1
sea water ice,1
"sled, sledge, sleigh",1
expedition,1
water ice,1
sean lion,1
sea lion,1
rock formation,1
diving goggles,1
duck shelter,1
riverside,1
boulder,1
rock cliff,1
cable railway,1
rocky plain,1
snowy road,1
snowy trees,1
",pimtaom",1
peoples,1
seagul,1
gooses,1
sty,1
moose,1
shack,1
violin bow,1
beach lake,1
lake house,1
mustache,1
suspension rope bridge,1
suspension bridge,1
zebra,1
scrubs,1
airpl,1
snow covered ground,1
remote control car,1
sly,1
roks,1
animal topiary,1
steet light,1
ree,1
hen house,1
plane wreckage,1
diver,1
seaweed,1
ray,1
urban valley,1
clabe car,1
water mist,1
ravine,1
rioe,1
cliff and waterfall,1
waterfall frozen,1
surf,1
boillers,1
trumpet,1
roasting,1
bread tray,1
cut slices machine,1
loaves,1
tart,1
snuffs,1
biscuit,1
olives,1
napking,1
safe door,1
head deer,1
"armor, armour",1
cocktail shaker,1
hairdressers chair,1
lanterns,1
meat hooks,1
razor cut hair,1
washing hair,1
bood,1
water machine,1
butchery,1
meat pieces,1
ceiling s,1
chocolates,1
polythene cover,1
candy track,1
brochures rack,1
coat stand,1
purses,1
soccer ball,1
baby weighs,1
cooks,1
trash trolley,1
shellfish,1
mussels,1
clams,1
fluoresc,1
cocoon,1
garlics,1
tray rack,1
cowbell,1
miniature sofa,1
wafers,1
picture,1
cauldron,1
sausages,1
oni,1
sample,1
pendulum,1
cello,1
showc,1
bagpipes,1
whistle,1
hands,1
garlic cloves,1
fryer basket,1
trolley trays,1
show,1
heel,1
shoelace,1
racks,1
revolving pass,1
pack bags,1
milk jug,1
peaks,1
crockery,1
football table,1
change machine,1
ticket box,1
pavilions,1
fairground,1
trailers,1
fence rubble,1
hay stacks,1
tinsel,1
christmas lights,1
ride structure,1
fairground attraction,1
ice track,1
hockey rink,1
indoor track,1
building arena,1
medal,1
wall re,1
inflatable park,1
menus,1
banners,1
ball stands,1
skittle alleys,1
bullfighter,1
truk,1
models,1
hobby-elephant,1
circus,1
peak,1
plinth,1
light display,1
roulette table,1
shoulder,1
games room,1
sand track,1
clubs,1
golf sticks,1
cabins,1
shooting pad,1
supporting metal,1
baloons,1
cymbal,1
golfer,1
banker,1
golg club,1
asymmetric bars,1
treadmills,1
exercise machines,1
pelota court,1
maze,1
kite string,1
wsall,1
graund,1
steel,1
padlocks,1
hippopotamus head,1
cement,1
ducks,1
fags,1
cub,1
seesaw,1
park gear,1
bounce seat,1
slides,1
fish structure,1
tire seat,1
childish games,1
pool bar,1
muffin,1
coastline,1
putting green,1
whip,1
racetrack,1
race car,1
speedway,1
racing track,1
race circuit,1
flowerpots,1
lift,1
snow track,1
doort,1
stagelight,1
starting gate trolley,1
handr,1
plant tree,1
tyrees,1
trtees,1
velodrome,1
crank,1
pala,1
airlock,1
glass wall,1
trolleys,1
seats,1
rear dash,1
head sport,1
seat belt clipper,1
odometer,1
radar screen,1
steering,1
camouflage,1
gears,1
hardware,1
ceiling controls,1
control panels,1
suit,1
power outlet,1
seat water,1
swimsuit,1
security cordon,1
hoist,1
elevator,1
separation,1
wood stove,1
microwave,1
wood board,1
telephone,1
recessed light,1
checkpoint,1
support pole,1
platf,1
paddles,1
cinch,1
dunes,1
spice,1
bough,1
reed,1
courts,1
ceramic ware,1
rock wall,1
table base,1
traffic marker,1
grills,1
wireless phone,1
power line,1
megaphone,1
business card,1
pedal,1
placecard,1
placecard holder,1
ring bell,1
flyers,1
copier,1
filing cabinets,1
vaulted niche,1
belt rack,1
parking space,1
steeple,1
cd shelf,1
motion sensor,1
ceramics box,1
page,1
breaker box,1
columbarium,1
champagne stand,1
cork stopper,1
wipe,1
board game,1
guard rail,1
phone jack,1
water spurt,1
buds,1
ski lift pole,1
maps,1
doorway arch,1
storm sewer,1
telephone pole,1
snowboarder,1
fenders,1
floatation device,1
radar,1
fabric softener,1
ski stand,1
drill rig,1
joists,1
posts,1
postcard stand,1
veranda awning,1
external driver,1
red board,1
industrial plant,1
runnel water,1
supplies,1
poster board,1
sweet peas,1
sulfur mine,1
chorizo,1
chorizos,1
garden,1
mallet,1
camels,1
orchestra,1
hand trolley,1
sinkhole water,1
ridge liles,1
cigarettes,1
crane truck,1
sepulcher,1
cylinder,1
estuary,1
steam vase,1
gas bottle,1
chocolate cakes,1
bakery items,1
lion,1
baby lion,1
walnuts,1
coast,1
baby cheetah,1
lagoon water,1
cooling tower,1
climber person,1
oilfield,1
whale,1
rocky island,1
rhinoceros,1
baby rhinoceros,1
snowy hill,1
ice floe,1
musical instruments,1
ember,1
butter,1
deck house,1
gas well,1
winglet,1
laboratory machine,1
pipette,1
laboratory machines,1
sign ballon,1
launch pad,1
millrace,1
quagmire,1
hedge partial,1
popcorn machine,1
sanck bar,1
leathers,1
vinery,1
docks,1
wetland,1
tornado,1
fluorescet tube,1
bear pum,1
gradstand,1
fende,1
pon,1
light aircraft,1
seeds,1
textiles,1
motorbike cart,1
channel,1
pollard,1
sieve,1
backp,1
airport cart,1
mobile conveyor,1
tenis court,1
swmming pool lader,1
stones wall,1
plant por,1
umbrela,1
sailbo,1
p,1
housee,1
suspensions,1
railroad tracks,1
supermarket,1
harbor,1
posters pole,1
channel water,1
fuel can,1
fuel tank,1
camping stove,1
raukubg,1
canal water,1
umbr,1
solar panels,1
inflatable doll,1
"headlight, headlamp",1
castle in ruins,1
gravestones,1
chicks,1
-,1
sawhorse,1
flagstones,1
orchard,1
streetlight,1
swing door,1
tree branches,1
water bell,1
petrol station,1
hangar,1
motorboats,1
catamaran,1
boar,1
mooring,1
landing gar,1
heliport,1
drom,1
helic,1
tanker,1
overpass,1
mitra,1
palm,1
flowers,1
statues,1
entry,1
roadd,1
stonea,1
kasbah,1
toy,1
ice decoration,1
violoncello,1
tanker aircraft,1
buiulding,1
concrete mixer,1
street lamp,1
twigs,1
storage,1
light house,1
skjy,1
bilding,1
paht,1
water weel,1
hjouse,1
beach wrap,1
sweet potatos,1
market,1
minaret,1
minar,1
sedewalk,1
person1,1
dry dock,1
submarine,1
plans,1
outhouse wc,1
outhouse,1
battlements,1
bulstrade,1
pant pot,1
paslm tree,1
statue piller,1
scooter,1
cone,1
groundd,1
offering,1
floating bridge,1
train racks,1
railway yard,1
shears,1
sugb,1
toy train,1
siver water,1
arc,1
solar energy,1
greehouse,1
ubrella,1
bmw,1
water hole,1
yellow light,1
green light,1
rock,1
landing tracks,1
quonset huts,1
hall,1
lamp post,1
sculpture of the globe,1
scyscraper,1
sky scrapers,1
shacks,1
dolmens,1
eat,1
bike path,1
curbstone,1
sewer drain,1
bracket,1
drain vent,1
gas heater,1
grate,1
housing lamp,1
menu display,1
lamps,1
iron cross,1
aerial,1
stilt,1
utility panels,1
piping,1
highway bridge,1
piper,1
wood box,1
shoe rack,1
garage doors,1
pipe drain,1
hoarding,1
meter box,1
turnbuckle,1
fire alarm box,1
sweep,1
ice creme stand,1
sun room,1
security light,1
steel box,1
rain pipe,1
pub front,1
ground,1
rain drain,1
food cart,1
sewer cover,1
shopping bag,1
bildings,1
tag,1
buzzer,1
tank top,1
necklace display,1
fire bell,1
bycicle carriage,1
street grate,1
plant stand,1
storage box,1
underground,1
work hut,1
bitch,1
fire booth,1
postcard display,1
bicycle path,1
necktie,1
rescue float,1
printed matter,1
balcony covered,1
half globe,1
boat stop,1
troller bin,1
street wires,1
ssign,1
buildings,1
buggy,1
mountain terraces,1
bell tower,1
ad,1
locomotive,1
underpass,1
trestle bridge,1
aviary,1
caterpillar,1
boat trolley,1
blades,1
ziggurat,1
pieces,1
pillars,1
production line,1
multiple socket,1
chains,1
pig tail,1
dvd boxes,1
electrical device,1
deer head,1
antlers,1
deer skull,1
brewery,1
vintage bottle filler,1
hai,1
cloth material,1
test tubes,1
birds,1
laboratory equipment,1
safety suit,1
support beam,1
semi-flush mount lights,1
panelling,1
sealing tape,1
mace,1
awards,1
fluorescent bulb,1
vhsit,1
chairr,1
bottl,1
spoo,1
raidator,1
computer console,1
ventilation shaft,1
hanger hook,1
fire hose,1
shoji screen,1
message board,1
exit sign,1
light sosurce,1
boaard,1
trophies,1
cd player,1
tooth cleaner,1
dental sink,1
toilete kit,1
"orifice, opening, porta",1
counterweight,1
name plate,1
anvil,1
iron bar,1
steel chair,1
hosepipe,1
netting,1
plastic sheet,1
x-rays,1
x-rays bed,1
tumble dryers,1
clothesline,1
paper dispenser,1
clock face,1
moon dial,1
clocks,1
measurer,1
mail boxes,1
ceiling rec,1
fireplaace,1
plam tree,1
ceukubg,1
sisde table,1
metal profiles,1
incubator,1
offices,1
iv bag,1
torch,1
papers,1
mixing board,1
video-tape,1
box-file,1
paperpile,1
spectacle-case,1
pencil sharpener,1
postal card,1
disk spindle,1
sticky tape dispenser,1
note,1
screen stand,1
garment bag,1
mouse stand,1
paper file,1
workstation,1
certificate,1
disks,1
file organizer,1
self,1
pingeonhole,1
electronic devise,1
operation table,1
tensiometer,1
phonends,1
pigsty,1
keyboards,1
rolling mill,1
servers,1
sewing box,1
bolt,1
yoke,1
stable,1
handrair,1
fernce,1
compueter,1
ventilator shaft,1
radiography,1
office window,1
"display, video display",1
visit cards,1
screws box,1
cut table,1
wrenches,1
gauge,1
press,1
screwdrivers,1
weapon,1
oil tube,1
art mannequin,1
segment,1
chairs desk,1
musicians place,1
rose,1
window latch,1
doble door,1
"radio receiver, receiving set, radio set, radio, tuner, wireless",1
lamp cord,1
clothes stand,1
telephone directories,1
tennis racket,1
place mats,1
sealing roll,1
multiple plug,1
boomerang,1
bonnet,1
id card,1
rubber glove,1
fire blanket,1
crane scrapping,1
recycling plant,1
suspenders,1
marsh water,1
meat bag,1
backdrops,1
inflatable train,1
balls rack,1
solt machine,1
pectoral machine,1
nunchaku,1
caravans,1
compartment,1
laminating machine,1
clothes horse,1
recycling trash,1
textile mill,1
ears,1
"autoclave, sterilizer, steriliser",1
slat,1
ride tiles,1
pick,1
street light,1
revolving doors,1
outboard motor,1
walkie talkie,1
pigeon,1
gap,1
storm grate,1
verandah,1
shape,1
utility cover,1
utility covers,1
bridges,1
trolley tools,1
string,1
hanging instrument,1
dental instruments,1
chute,1
saline solution,1
mountain salt,1
massage table,1
portfolio,1
hand dryer,1
