relative_path,filename,instance_count
test\100598_2.json,100598_2.json,1
test\104124_1.json,104124_1.json,5
test\104638_2.json,104638_2.json,1
test\1238_2.json,1238_2.json,2
test\1240_1.json,1240_1.json,3
test\131_2.json,131_2.json,2
test\14_2.json,14_2.json,5
test\167_1.json,167_1.json,3
test\169_2.json,169_2.json,4
test\17_1.json,17_1.json,4
test\1_2.json,1_2.json,5
test\215_1.json,215_1.json,8
test\218_1.json,218_1.json,10
test\219_2.json,219_2.json,3
test\21_2.json,21_2.json,3
test\24444_1.json,24444_1.json,2
test\24457_1.json,24457_1.json,3
test\24461_1.json,24461_1.json,1
test\24476_1.json,24476_1.json,2
test\250_1.json,250_1.json,4
test\269_1.json,269_1.json,5
test\272_1.json,272_1.json,8
test\274_1.json,274_1.json,2
test\274_2.json,274_2.json,3
test\278_1.json,278_1.json,9
test\31_1.json,31_1.json,3
test\32_2.json,32_2.json,2
test\356_2.json,356_2.json,3
test\359_1.json,359_1.json,5
test\361_2.json,361_2.json,4
test\368_1.json,368_1.json,12
test\371_2.json,371_2.json,10
test\372_2.json,372_2.json,2
test\380_2.json,380_2.json,5
test\387_2.json,387_2.json,3
test\38999_1.json,38999_1.json,4
test\39025_2.json,39025_2.json,4
test\39028_2.json,39028_2.json,1
test\39038_1.json,39038_1.json,5
test\39078_2.json,39078_2.json,1
test\39081_2.json,39081_2.json,1
test\39086_1.json,39086_1.json,4
test\39089_1.json,39089_1.json,5
test\39094_1.json,39094_1.json,3
test\39094_2.json,39094_2.json,4
test\39097_2.json,39097_2.json,2
test\39098_2.json,39098_2.json,3
test\39111_1.json,39111_1.json,4
test\39113_2.json,39113_2.json,2
test\39114_1.json,39114_1.json,2
test\39192_1.json,39192_1.json,1
test\396_2.json,396_2.json,5
test\39830_2.json,39830_2.json,4
test\39842_1.json,39842_1.json,6
test\39843_2.json,39843_2.json,4
test\39851_1.json,39851_1.json,5
test\398_1.json,398_1.json,4
test\39920_2.json,39920_2.json,2
test\39942_1.json,39942_1.json,3
test\40091_1.json,40091_1.json,10
test\40150_2.json,40150_2.json,3
test\40171_1.json,40171_1.json,4
test\40177_1.json,40177_1.json,5
test\40179_1.json,40179_1.json,6
test\40194_1.json,40194_1.json,3
test\40264_1.json,40264_1.json,9
test\40276_2.json,40276_2.json,4
test\40305_1.json,40305_1.json,7
test\40313_2.json,40313_2.json,8
test\40315_2.json,40315_2.json,6
test\40364_1.json,40364_1.json,5
test\40374_1.json,40374_1.json,2
test\403_2.json,403_2.json,3
test\407_1.json,407_1.json,6
test\408_1.json,408_1.json,6
test\40959_2.json,40959_2.json,6
test\40970_1.json,40970_1.json,7
test\42361_1.json,42361_1.json,5
test\4381_2.json,4381_2.json,6
test\4443_2.json,4443_2.json,3
test\4449_1.json,4449_1.json,6
test\4451_1.json,4451_1.json,9
test\4499_1.json,4499_1.json,3
test\4505_2.json,4505_2.json,5
test\455_1.json,455_1.json,6
test\456_2.json,456_2.json,1
test\4571_1.json,4571_1.json,1
test\4574_1.json,4574_1.json,1
test\4576_2.json,4576_2.json,3
test\4577_2.json,4577_2.json,5
test\4579_2.json,4579_2.json,2
test\45_2.json,45_2.json,3
test\4602_2.json,4602_2.json,6
test\4603_2.json,4603_2.json,4
test\4606_2.json,4606_2.json,1
test\4647_2.json,4647_2.json,3
test\4650_2.json,4650_2.json,6
test\4673_2.json,4673_2.json,4
test\4677_2.json,4677_2.json,4
test\4678_2.json,4678_2.json,4
test\4680_2.json,4680_2.json,8
test\4697_2.json,4697_2.json,4
test\4698_1.json,4698_1.json,4
test\4707_2.json,4707_2.json,3
test\4710_2.json,4710_2.json,1
test\4714_1.json,4714_1.json,5
test\4721_2.json,4721_2.json,6
test\4726_1.json,4726_1.json,9
test\4767_2.json,4767_2.json,2
test\4771_2.json,4771_2.json,1
test\4787_2.json,4787_2.json,1
test\4862_2.json,4862_2.json,2
test\4866_1.json,4866_1.json,4
test\4869_1.json,4869_1.json,1
test\4872_1.json,4872_1.json,3
test\4922_1.json,4922_1.json,4
test\4923_1.json,4923_1.json,3
test\4_2.json,4_2.json,1
test\50_1.json,50_1.json,7
test\50_2.json,50_2.json,3
test\55333_2.json,55333_2.json,6
test\55334_1.json,55334_1.json,6
test\55335_2.json,55335_2.json,2
test\55340_1.json,55340_1.json,10
test\55357_1.json,55357_1.json,6
test\55374_1.json,55374_1.json,7
test\55375_1.json,55375_1.json,7
test\55381_1.json,55381_1.json,8
test\55429_1.json,55429_1.json,15
test\55509_1.json,55509_1.json,8
test\55514_1.json,55514_1.json,4
test\55540_1.json,55540_1.json,8
test\55585_2.json,55585_2.json,2
test\55704_1.json,55704_1.json,3
test\55738_1.json,55738_1.json,7
test\55749_1.json,55749_1.json,8
test\55788_1.json,55788_1.json,3
test\55789_1.json,55789_1.json,4
test\55811_1.json,55811_1.json,8
test\55834_1.json,55834_1.json,5
test\55859_1.json,55859_1.json,4
test\55866_1.json,55866_1.json,3
test\55870_1.json,55870_1.json,2
test\55884_2.json,55884_2.json,2
test\55912_2.json,55912_2.json,12
test\55915_1.json,55915_1.json,6
test\55941_1.json,55941_1.json,3
test\55951_1.json,55951_1.json,4
test\55951_2.json,55951_2.json,1
test\55953_2.json,55953_2.json,3
test\55958_2.json,55958_2.json,8
test\55971_2.json,55971_2.json,2
test\55983_2.json,55983_2.json,2
test\55986_2.json,55986_2.json,3
test\56012_2.json,56012_2.json,6
test\56013_2.json,56013_2.json,1
test\56014_2.json,56014_2.json,1
test\56015_2.json,56015_2.json,8
test\56020_1.json,56020_1.json,5
test\56041_1.json,56041_1.json,4
test\56195_1.json,56195_1.json,3
test\56229_1.json,56229_1.json,4
test\56238_1.json,56238_1.json,4
test\56239_1.json,56239_1.json,5
test\56243_2.json,56243_2.json,5
test\56244_1.json,56244_1.json,5
test\56250_1.json,56250_1.json,4
test\56265_1.json,56265_1.json,7
test\56269_1.json,56269_1.json,5
test\56294_1.json,56294_1.json,5
test\56324_1.json,56324_1.json,10
test\56345_1.json,56345_1.json,5
test\56345_2.json,56345_2.json,9
test\56346_2.json,56346_2.json,7
test\56347_2.json,56347_2.json,4
test\56349_1.json,56349_1.json,5
test\56363_2.json,56363_2.json,3
test\56371_1.json,56371_1.json,4
test\56381_2.json,56381_2.json,3
test\56389_1.json,56389_1.json,7
test\56401_2.json,56401_2.json,3
test\56434_2.json,56434_2.json,3
test\56435_2.json,56435_2.json,2
test\56442_1.json,56442_1.json,3
test\56448_2.json,56448_2.json,3
test\56449_1.json,56449_1.json,5
test\56462_1.json,56462_1.json,3
test\56463_1.json,56463_1.json,5
test\56483_2.json,56483_2.json,3
test\56484_1.json,56484_1.json,6
test\56498_1.json,56498_1.json,8
test\56501_1.json,56501_1.json,3
test\56518_2.json,56518_2.json,2
test\56520_1.json,56520_1.json,4
test\56530_1.json,56530_1.json,6
test\56562_2.json,56562_2.json,11
test\56573_1.json,56573_1.json,5
test\56575_1.json,56575_1.json,4
test\56576_1.json,56576_1.json,3
test\56585_1.json,56585_1.json,2
test\56602_1.json,56602_1.json,3
test\56615_2.json,56615_2.json,2
test\56620_1.json,56620_1.json,4
test\56634_1.json,56634_1.json,5
test\56639_1.json,56639_1.json,5
test\56643_1.json,56643_1.json,1
test\56655_1.json,56655_1.json,4
test\56663_1.json,56663_1.json,7
test\56692_2.json,56692_2.json,6
test\56695_2.json,56695_2.json,2
test\56698_1.json,56698_1.json,5
test\56702_2.json,56702_2.json,2
test\56719_2.json,56719_2.json,2
test\56734_1.json,56734_1.json,3
test\56736_2.json,56736_2.json,9
test\56741_2.json,56741_2.json,5
test\56742_1.json,56742_1.json,3
test\56742_2.json,56742_2.json,3
test\56745_1.json,56745_1.json,7
test\56755_1.json,56755_1.json,5
test\56755_2.json,56755_2.json,4
test\56768_1.json,56768_1.json,4
test\56769_2.json,56769_2.json,6
test\56773_1.json,56773_1.json,5
test\56776_2.json,56776_2.json,3
test\56778_1.json,56778_1.json,6
test\56788_2.json,56788_2.json,2
test\56803_2.json,56803_2.json,5
test\56809_1.json,56809_1.json,6
test\56962_1.json,56962_1.json,3
test\56986_1.json,56986_1.json,5
test\57029_1.json,57029_1.json,3
test\57042_1.json,57042_1.json,2
test\57056_1.json,57056_1.json,3
test\57058_1.json,57058_1.json,4
test\57067_2.json,57067_2.json,1
test\57068_1.json,57068_1.json,4
test\57069_2.json,57069_2.json,1
test\57072_1.json,57072_1.json,3
test\57102_1.json,57102_1.json,2
test\57103_1.json,57103_1.json,3
test\57109_2.json,57109_2.json,1
test\57124_2.json,57124_2.json,2
test\576_1.json,576_1.json,11
test\584_1.json,584_1.json,3
test\591_1.json,591_1.json,2
test\591_2.json,591_2.json,2
test\619_1.json,619_1.json,5
test\651_2.json,651_2.json,9
test\655_1.json,655_1.json,2
test\659_1.json,659_1.json,5
test\661_1.json,661_1.json,4
test\661_2.json,661_2.json,8
test\681_2.json,681_2.json,4
test\682_1.json,682_1.json,6
test\701_1.json,701_1.json,3
test\704_2.json,704_2.json,3
test\705_2.json,705_2.json,3
test\714_2.json,714_2.json,3
test\715_2.json,715_2.json,1
test\71731_2.json,71731_2.json,5
test\721_2.json,721_2.json,8
test\733_1.json,733_1.json,3
test\74159_2.json,74159_2.json,4
test\76325_2.json,76325_2.json,7
test\76375_2.json,76375_2.json,8
test\79_1.json,79_1.json,5
test\82428_1.json,82428_1.json,2
test\836_1.json,836_1.json,3
test\85_1.json,85_1.json,4
test\890_1.json,890_1.json,2
test\897_1.json,897_1.json,3
test\903_2.json,903_2.json,3
test\906_2.json,906_2.json,4
test\907_1.json,907_1.json,5
test\911_1.json,911_1.json,2
test\91257_2.json,91257_2.json,5
test\914_1.json,914_1.json,3
test\919_1.json,919_1.json,7
test\92207_2.json,92207_2.json,4
test\97294_2.json,97294_2.json,5
train\0_2.json,0_2.json,7
train\100599_1.json,100599_1.json,2
train\100599_2.json,100599_2.json,1
train\104122_2.json,104122_2.json,4
train\104124_2.json,104124_2.json,3
train\104590_1.json,104590_1.json,1
train\104590_2.json,104590_2.json,3
train\104638_1.json,104638_1.json,2
train\1062_2.json,1062_2.json,2
train\109154_2.json,109154_2.json,3
train\109155_2.json,109155_2.json,2
train\109156_2.json,109156_2.json,2
train\109158_2.json,109158_2.json,2
train\11_1.json,11_1.json,7
train\122_1.json,122_1.json,6
train\1233_2.json,1233_2.json,3
train\1239_2.json,1239_2.json,3
train\123_1.json,123_1.json,5
train\1247_2.json,1247_2.json,2
train\1248_2.json,1248_2.json,2
train\1254_2.json,1254_2.json,5
train\1256_2.json,1256_2.json,4
train\125_1.json,125_1.json,3
train\1266_2.json,1266_2.json,3
train\126_2.json,126_2.json,2
train\1286_2.json,1286_2.json,8
train\128_2.json,128_2.json,2
train\129_1.json,129_1.json,3
train\130_1.json,130_1.json,2
train\130_2.json,130_2.json,3
train\131_1.json,131_1.json,2
train\1333_2.json,1333_2.json,3
train\1334_2.json,1334_2.json,4
train\136_1.json,136_1.json,5
train\1385_1.json,1385_1.json,9
train\138_1.json,138_1.json,3
train\139_1.json,139_1.json,3
train\13_1.json,13_1.json,6
train\1413_1.json,1413_1.json,1
train\147_2.json,147_2.json,5
train\14_1.json,14_1.json,7
train\151_1.json,151_1.json,8
train\151_2.json,151_2.json,2
train\152_1.json,152_1.json,8
train\152_2.json,152_2.json,9
train\153_1.json,153_1.json,7
train\1556_1.json,1556_1.json,2
train\1560_1.json,1560_1.json,3
train\157_1.json,157_1.json,12
train\15_1.json,15_1.json,7
train\1625_2.json,1625_2.json,2
train\1629_2.json,1629_2.json,2
train\1630_1.json,1630_1.json,6
train\1632_1.json,1632_1.json,4
train\1638_2.json,1638_2.json,4
train\166_1.json,166_1.json,4
train\166_2.json,166_2.json,5
train\1675_2.json,1675_2.json,10
train\1681_2.json,1681_2.json,7
train\168_1.json,168_1.json,2
train\1690_2.json,1690_2.json,2
train\169_1.json,169_1.json,3
train\16_1.json,16_1.json,3
train\16_2.json,16_2.json,2
train\170_1.json,170_1.json,5
train\170_2.json,170_2.json,3
train\171_1.json,171_1.json,5
train\171_2.json,171_2.json,3
train\1727_2.json,1727_2.json,3
train\172_1.json,172_1.json,5
train\1731_2.json,1731_2.json,6
train\175_1.json,175_1.json,4
train\175_2.json,175_2.json,3
train\176_1.json,176_1.json,3
train\180_2.json,180_2.json,3
train\181_2.json,181_2.json,6
train\19_1.json,19_1.json,7
train\19_2.json,19_2.json,5
train\209_2.json,209_2.json,8
train\211_1.json,211_1.json,9
train\211_2.json,211_2.json,5
train\212_1.json,212_1.json,12
train\213_2.json,213_2.json,6
train\214_1.json,214_1.json,10
train\214_2.json,214_2.json,3
train\216_1.json,216_1.json,9
train\216_2.json,216_2.json,6
train\217_1.json,217_1.json,9
train\218_2.json,218_2.json,3
train\221_2.json,221_2.json,3
train\222_2.json,222_2.json,7
train\223_1.json,223_1.json,7
train\223_2.json,223_2.json,5
train\224_1.json,224_1.json,7
train\224_2.json,224_2.json,4
train\225_1.json,225_1.json,11
train\225_2.json,225_2.json,5
train\226_1.json,226_1.json,10
train\226_2.json,226_2.json,3
train\227_1.json,227_1.json,7
train\228_1.json,228_1.json,6
train\228_2.json,228_2.json,7
train\229_2.json,229_2.json,3
train\22_2.json,22_2.json,2
train\230_1.json,230_1.json,7
train\230_2.json,230_2.json,4
train\231_2.json,231_2.json,8
train\233_2.json,233_2.json,11
train\235_1.json,235_1.json,7
train\236_1.json,236_1.json,6
train\238_1.json,238_1.json,6
train\238_2.json,238_2.json,2
train\239_1.json,239_1.json,6
train\240_2.json,240_2.json,1
train\241_2.json,241_2.json,2
train\242_2.json,242_2.json,3
train\243_2.json,243_2.json,5
train\24438_1.json,24438_1.json,2
train\24439_1.json,24439_1.json,2
train\24441_1.json,24441_1.json,2
train\24442_1.json,24442_1.json,2
train\24444_2.json,24444_2.json,2
train\24445_1.json,24445_1.json,4
train\24447_1.json,24447_1.json,3
train\24448_1.json,24448_1.json,3
train\24449_1.json,24449_1.json,1
train\24449_2.json,24449_2.json,2
train\24459_1.json,24459_1.json,4
train\24460_1.json,24460_1.json,2
train\24460_2.json,24460_2.json,4
train\24461_2.json,24461_2.json,7
train\24462_2.json,24462_2.json,5
train\24463_1.json,24463_1.json,2
train\24468_2.json,24468_2.json,4
train\24469_1.json,24469_1.json,1
train\24469_2.json,24469_2.json,7
train\24471_1.json,24471_1.json,2
train\24471_2.json,24471_2.json,6
train\24473_1.json,24473_1.json,3
train\24473_2.json,24473_2.json,5
train\24474_2.json,24474_2.json,3
train\24475_2.json,24475_2.json,2
train\244_2.json,244_2.json,5
train\245_2.json,245_2.json,5
train\246_1.json,246_1.json,3
train\247_1.json,247_1.json,4
train\247_2.json,247_2.json,3
train\248_1.json,248_1.json,3
train\248_2.json,248_2.json,3
train\249_1.json,249_1.json,7
train\249_2.json,249_2.json,3
train\24_1.json,24_1.json,8
train\252_1.json,252_1.json,7
train\2542_2.json,2542_2.json,3
train\2573_2.json,2573_2.json,4
train\25_2.json,25_2.json,4
train\268_1.json,268_1.json,8
train\268_2.json,268_2.json,7
train\269_2.json,269_2.json,5
train\26_1.json,26_1.json,6
train\271_1.json,271_1.json,6
train\271_2.json,271_2.json,4
train\273_1.json,273_1.json,9
train\275_2.json,275_2.json,3
train\276_1.json,276_1.json,5
train\276_2.json,276_2.json,1
train\277_1.json,277_1.json,7
train\277_2.json,277_2.json,3
train\2793_2.json,2793_2.json,7
train\2795_2.json,2795_2.json,7
train\28_1.json,28_1.json,9
train\28_2.json,28_2.json,3
train\291_2.json,291_2.json,2
train\295_2.json,295_2.json,4
train\296_1.json,296_1.json,9
train\2_2.json,2_2.json,7
train\32_1.json,32_1.json,3
train\348_1.json,348_1.json,5
train\349_1.json,349_1.json,5
train\349_2.json,349_2.json,2
train\34_1.json,34_1.json,6
train\350_2.json,350_2.json,5
train\354_1.json,354_1.json,5
train\356_1.json,356_1.json,6
train\357_1.json,357_1.json,5
train\357_2.json,357_2.json,5
train\358_1.json,358_1.json,7
train\358_2.json,358_2.json,5
train\359_2.json,359_2.json,3
train\35_2.json,35_2.json,4
train\368_2.json,368_2.json,8
train\370_1.json,370_1.json,6
train\370_2.json,370_2.json,4
train\371_1.json,371_1.json,5
train\372_1.json,372_1.json,5
train\373_1.json,373_1.json,5
train\373_2.json,373_2.json,2
train\374_1.json,374_1.json,5
train\374_2.json,374_2.json,3
train\377_1.json,377_1.json,5
train\378_1.json,378_1.json,6
train\378_2.json,378_2.json,4
train\379_1.json,379_1.json,6
train\379_2.json,379_2.json,1
train\37_2.json,37_2.json,4
train\380_1.json,380_1.json,4
train\381_1.json,381_1.json,6
train\382_2.json,382_2.json,2
train\383_1.json,383_1.json,7
train\383_2.json,383_2.json,1
train\384_2.json,384_2.json,5
train\3858_1.json,3858_1.json,3
train\3866_1.json,3866_1.json,2
train\386_1.json,386_1.json,5
train\388_1.json,388_1.json,7
train\388_2.json,388_2.json,3
train\38998_2.json,38998_2.json,4
train\38999_2.json,38999_2.json,5
train\38_1.json,38_1.json,3
train\39001_1.json,39001_1.json,3
train\39001_2.json,39001_2.json,4
train\39002_1.json,39002_1.json,3
train\39002_2.json,39002_2.json,5
train\39008_1.json,39008_1.json,1
train\39009_1.json,39009_1.json,1
train\39017_1.json,39017_1.json,3
train\39017_2.json,39017_2.json,3
train\39020_1.json,39020_1.json,5
train\39020_2.json,39020_2.json,2
train\39021_1.json,39021_1.json,5
train\39022_1.json,39022_1.json,4
train\39022_2.json,39022_2.json,2
train\39023_1.json,39023_1.json,3
train\39024_1.json,39024_1.json,2
train\39024_2.json,39024_2.json,3
train\39026_1.json,39026_1.json,3
train\39026_2.json,39026_2.json,2
train\39027_1.json,39027_1.json,3
train\39029_1.json,39029_1.json,5
train\39029_2.json,39029_2.json,3
train\39030_1.json,39030_1.json,5
train\39030_2.json,39030_2.json,3
train\39031_1.json,39031_1.json,2
train\39031_2.json,39031_2.json,4
train\39032_1.json,39032_1.json,2
train\39032_2.json,39032_2.json,3
train\39034_1.json,39034_1.json,2
train\39034_2.json,39034_2.json,2
train\39035_1.json,39035_1.json,2
train\39035_2.json,39035_2.json,1
train\39036_1.json,39036_1.json,3
train\39037_1.json,39037_1.json,3
train\39037_2.json,39037_2.json,4
train\39038_2.json,39038_2.json,5
train\39039_1.json,39039_1.json,4
train\39039_2.json,39039_2.json,7
train\39043_1.json,39043_1.json,5
train\39079_2.json,39079_2.json,2
train\39087_1.json,39087_1.json,4
train\39088_1.json,39088_1.json,3
train\39089_2.json,39089_2.json,4
train\39090_1.json,39090_1.json,3
train\39090_2.json,39090_2.json,2
train\39091_1.json,39091_1.json,6
train\39091_2.json,39091_2.json,3
train\39092_1.json,39092_1.json,6
train\39092_2.json,39092_2.json,2
train\39093_1.json,39093_1.json,5
train\39093_2.json,39093_2.json,2
train\39095_2.json,39095_2.json,2
train\39096_2.json,39096_2.json,2
train\39097_1.json,39097_1.json,7
train\39098_1.json,39098_1.json,6
train\39099_1.json,39099_1.json,7
train\39099_2.json,39099_2.json,4
train\390_1.json,390_1.json,8
train\390_2.json,390_2.json,3
train\39100_1.json,39100_1.json,6
train\39108_2.json,39108_2.json,3
train\39110_1.json,39110_1.json,3
train\39111_2.json,39111_2.json,3
train\39112_1.json,39112_1.json,3
train\39112_2.json,39112_2.json,4
train\39114_2.json,39114_2.json,2
train\39115_2.json,39115_2.json,3
train\39116_2.json,39116_2.json,3
train\39118_2.json,39118_2.json,2
train\39122_1.json,39122_1.json,4
train\39123_1.json,39123_1.json,5
train\39124_1.json,39124_1.json,4
train\39124_2.json,39124_2.json,4
train\39188_1.json,39188_1.json,4
train\39190_1.json,39190_1.json,2
train\39191_2.json,39191_2.json,3
train\39193_2.json,39193_2.json,3
train\39229_2.json,39229_2.json,2
train\392_1.json,392_1.json,6
train\392_2.json,392_2.json,7
train\39548_2.json,39548_2.json,3
train\39550_2.json,39550_2.json,5
train\396_1.json,396_1.json,6
train\39830_1.json,39830_1.json,5
train\39832_1.json,39832_1.json,6
train\39837_1.json,39837_1.json,2
train\39837_2.json,39837_2.json,6
train\39838_2.json,39838_2.json,4
train\39839_2.json,39839_2.json,3
train\39841_2.json,39841_2.json,4
train\39843_1.json,39843_1.json,2
train\39844_2.json,39844_2.json,3
train\39845_1.json,39845_1.json,1
train\39845_2.json,39845_2.json,4
train\39847_2.json,39847_2.json,3
train\39848_1.json,39848_1.json,5
train\39848_2.json,39848_2.json,4
train\39849_2.json,39849_2.json,7
train\39850_1.json,39850_1.json,5
train\39851_2.json,39851_2.json,2
train\39852_1.json,39852_1.json,4
train\39853_2.json,39853_2.json,5
train\39854_1.json,39854_1.json,4
train\39854_2.json,39854_2.json,3
train\39855_1.json,39855_1.json,4
train\39855_2.json,39855_2.json,1
train\39856_1.json,39856_1.json,4
train\39856_2.json,39856_2.json,3
train\39857_1.json,39857_1.json,4
train\39857_2.json,39857_2.json,3
train\39858_1.json,39858_1.json,5
train\39858_2.json,39858_2.json,4
train\39859_1.json,39859_1.json,2
train\39860_1.json,39860_1.json,3
train\39861_1.json,39861_1.json,3
train\39862_1.json,39862_1.json,3
train\39864_1.json,39864_1.json,6
train\39865_1.json,39865_1.json,2
train\39865_2.json,39865_2.json,3
train\398_2.json,398_2.json,3
train\39904_2.json,39904_2.json,6
train\39907_1.json,39907_1.json,2
train\39907_2.json,39907_2.json,3
train\39908_1.json,39908_1.json,1
train\39908_2.json,39908_2.json,6
train\39909_1.json,39909_1.json,1
train\39909_2.json,39909_2.json,7
train\39915_1.json,39915_1.json,4
train\39915_2.json,39915_2.json,3
train\39917_1.json,39917_1.json,8
train\39918_1.json,39918_1.json,2
train\39922_1.json,39922_1.json,2
train\39933_1.json,39933_1.json,7
train\39933_2.json,39933_2.json,1
train\39943_1.json,39943_1.json,3
train\399_2.json,399_2.json,7
train\39_1.json,39_1.json,6
train\40090_1.json,40090_1.json,6
train\40090_2.json,40090_2.json,9
train\40091_2.json,40091_2.json,8
train\400_1.json,400_1.json,5
train\400_2.json,400_2.json,11
train\40136_1.json,40136_1.json,5
train\40136_2.json,40136_2.json,3
train\40138_1.json,40138_1.json,2
train\40139_1.json,40139_1.json,3
train\40140_1.json,40140_1.json,4
train\40141_1.json,40141_1.json,4
train\40147_1.json,40147_1.json,3
train\40147_2.json,40147_2.json,4
train\40148_2.json,40148_2.json,4
train\40149_2.json,40149_2.json,3
train\40152_1.json,40152_1.json,5
train\40152_2.json,40152_2.json,2
train\40153_1.json,40153_1.json,6
train\40154_1.json,40154_1.json,3
train\40158_2.json,40158_2.json,6
train\40159_1.json,40159_1.json,3
train\40160_1.json,40160_1.json,4
train\40160_2.json,40160_2.json,4
train\40161_1.json,40161_1.json,3
train\40161_2.json,40161_2.json,9
train\40165_1.json,40165_1.json,5
train\40165_2.json,40165_2.json,8
train\40167_1.json,40167_1.json,5
train\40167_2.json,40167_2.json,2
train\40168_1.json,40168_1.json,2
train\40168_2.json,40168_2.json,3
train\40169_1.json,40169_1.json,5
train\40169_2.json,40169_2.json,3
train\40170_1.json,40170_1.json,3
train\40170_2.json,40170_2.json,3
train\40171_2.json,40171_2.json,4
train\40172_1.json,40172_1.json,5
train\40173_1.json,40173_1.json,3
train\40174_1.json,40174_1.json,4
train\40178_1.json,40178_1.json,5
train\40178_2.json,40178_2.json,5
train\40180_1.json,40180_1.json,6
train\40181_1.json,40181_1.json,5
train\40182_1.json,40182_1.json,4
train\40183_1.json,40183_1.json,3
train\40184_1.json,40184_1.json,3
train\40185_1.json,40185_1.json,4
train\40186_1.json,40186_1.json,5
train\40188_1.json,40188_1.json,7
train\40188_2.json,40188_2.json,5
train\40194_2.json,40194_2.json,2
train\40195_1.json,40195_1.json,6
train\40196_1.json,40196_1.json,7
train\40197_2.json,40197_2.json,4
train\40199_1.json,40199_1.json,5
train\401_1.json,401_1.json,7
train\40200_2.json,40200_2.json,4
train\40201_2.json,40201_2.json,2
train\40202_2.json,40202_2.json,2
train\40208_1.json,40208_1.json,6
train\40209_1.json,40209_1.json,7
train\40209_2.json,40209_2.json,1
train\40210_1.json,40210_1.json,6
train\40210_2.json,40210_2.json,1
train\40211_1.json,40211_1.json,5
train\40211_2.json,40211_2.json,1
train\40212_1.json,40212_1.json,5
train\40214_1.json,40214_1.json,8
train\40240_2.json,40240_2.json,4
train\40242_2.json,40242_2.json,7
train\40247_1.json,40247_1.json,9
train\40247_2.json,40247_2.json,1
train\40248_2.json,40248_2.json,4
train\40249_1.json,40249_1.json,10
train\40250_2.json,40250_2.json,3
train\40254_1.json,40254_1.json,8
train\40255_2.json,40255_2.json,8
train\40256_1.json,40256_1.json,10
train\40256_2.json,40256_2.json,6
train\40257_1.json,40257_1.json,10
train\40259_1.json,40259_1.json,10
train\40265_1.json,40265_1.json,10
train\40266_1.json,40266_1.json,7
train\40267_1.json,40267_1.json,7
train\40270_2.json,40270_2.json,3
train\40271_2.json,40271_2.json,4
train\40272_2.json,40272_2.json,6
train\40274_2.json,40274_2.json,8
train\40278_2.json,40278_2.json,3
train\40279_2.json,40279_2.json,4
train\40280_2.json,40280_2.json,5
train\40282_1.json,40282_1.json,3
train\40290_2.json,40290_2.json,8
train\40291_1.json,40291_1.json,6
train\40298_1.json,40298_1.json,7
train\402_1.json,402_1.json,6
train\40306_1.json,40306_1.json,8
train\40306_2.json,40306_2.json,3
train\40307_1.json,40307_1.json,9
train\40314_2.json,40314_2.json,6
train\40357_2.json,40357_2.json,5
train\40358_2.json,40358_2.json,3
train\40362_2.json,40362_2.json,8
train\40363_1.json,40363_1.json,5
train\40363_2.json,40363_2.json,6
train\40364_2.json,40364_2.json,3
train\40370_2.json,40370_2.json,2
train\40373_1.json,40373_1.json,4
train\40374_2.json,40374_2.json,5
train\403_1.json,403_1.json,5
train\405_2.json,405_2.json,3
train\406_1.json,406_1.json,5
train\406_2.json,406_2.json,2
train\407_2.json,407_2.json,2
train\408_2.json,408_2.json,4
train\40958_1.json,40958_1.json,6
train\40958_2.json,40958_2.json,4
train\40959_1.json,40959_1.json,6
train\40960_1.json,40960_1.json,6
train\40960_2.json,40960_2.json,4
train\40961_1.json,40961_1.json,4
train\40961_2.json,40961_2.json,7
train\40962_1.json,40962_1.json,6
train\40963_1.json,40963_1.json,7
train\40963_2.json,40963_2.json,2
train\40964_1.json,40964_1.json,7
train\40964_2.json,40964_2.json,7
train\40965_1.json,40965_1.json,7
train\40965_2.json,40965_2.json,7
train\40966_2.json,40966_2.json,3
train\40968_1.json,40968_1.json,9
train\40969_1.json,40969_1.json,11
train\40969_2.json,40969_2.json,7
train\40970_2.json,40970_2.json,4
train\40971_1.json,40971_1.json,9
train\40973_1.json,40973_1.json,4
train\40973_2.json,40973_2.json,7
train\40974_1.json,40974_1.json,6
train\40974_2.json,40974_2.json,6
train\40975_1.json,40975_1.json,6
train\40975_2.json,40975_2.json,3
train\40976_1.json,40976_1.json,10
train\40976_2.json,40976_2.json,2
train\40977_1.json,40977_1.json,6
train\40978_1.json,40978_1.json,8
train\40978_2.json,40978_2.json,5
train\40979_1.json,40979_1.json,8
train\40979_2.json,40979_2.json,5
train\409_2.json,409_2.json,2
train\41052_1.json,41052_1.json,5
train\41052_2.json,41052_2.json,2
train\413_2.json,413_2.json,3
train\417_1.json,417_1.json,3
train\417_2.json,417_2.json,3
train\41_2.json,41_2.json,2
train\420_1.json,420_1.json,6
train\420_2.json,420_2.json,8
train\42332_1.json,42332_1.json,7
train\42332_2.json,42332_2.json,1
train\429_1.json,429_1.json,6
train\429_2.json,429_2.json,8
train\430_2.json,430_2.json,5
train\431_2.json,431_2.json,5
train\4334_1.json,4334_1.json,2
train\4334_2.json,4334_2.json,1
train\433_2.json,433_2.json,5
train\4349_2.json,4349_2.json,1
train\4351_2.json,4351_2.json,4
train\4356_1.json,4356_1.json,7
train\4362_1.json,4362_1.json,5
train\436_2.json,436_2.json,3
train\4375_2.json,4375_2.json,4
train\4376_2.json,4376_2.json,4
train\437_1.json,437_1.json,9
train\437_2.json,437_2.json,5
train\4381_1.json,4381_1.json,8
train\4384_1.json,4384_1.json,12
train\4385_1.json,4385_1.json,8
train\4386_1.json,4386_1.json,9
train\4387_1.json,4387_1.json,6
train\4388_1.json,4388_1.json,3
train\438_2.json,438_2.json,3
train\4392_1.json,4392_1.json,7
train\4393_1.json,4393_1.json,9
train\4395_1.json,4395_1.json,7
train\4395_2.json,4395_2.json,1
train\4396_1.json,4396_1.json,5
train\4396_2.json,4396_2.json,4
train\439_2.json,439_2.json,3
train\43_2.json,43_2.json,4
train\4408_1.json,4408_1.json,11
train\440_2.json,440_2.json,3
train\4412_2.json,4412_2.json,3
train\4421_1.json,4421_1.json,3
train\4429_2.json,4429_2.json,2
train\4430_2.json,4430_2.json,1
train\4432_2.json,4432_2.json,3
train\4433_2.json,4433_2.json,8
train\4434_2.json,4434_2.json,11
train\4447_1.json,4447_1.json,5
train\4447_2.json,4447_2.json,3
train\4448_2.json,4448_2.json,9
train\4450_1.json,4450_1.json,7
train\4452_1.json,4452_1.json,4
train\4452_2.json,4452_2.json,7
train\4453_2.json,4453_2.json,4
train\4454_1.json,4454_1.json,3
train\4454_2.json,4454_2.json,2
train\4462_1.json,4462_1.json,1
train\4465_2.json,4465_2.json,16
train\4466_1.json,4466_1.json,5
train\4467_1.json,4467_1.json,3
train\4468_1.json,4468_1.json,2
train\4469_1.json,4469_1.json,2
train\4470_1.json,4470_1.json,3
train\4471_1.json,4471_1.json,3
train\4476_1.json,4476_1.json,2
train\4477_1.json,4477_1.json,2
train\447_2.json,447_2.json,4
train\4483_2.json,4483_2.json,8
train\4486_2.json,4486_2.json,8
train\448_1.json,448_1.json,4
train\4498_1.json,4498_1.json,3
train\44_2.json,44_2.json,3
train\4500_1.json,4500_1.json,2
train\4504_2.json,4504_2.json,5
train\4505_1.json,4505_1.json,3
train\4506_1.json,4506_1.json,4
train\4506_2.json,4506_2.json,2
train\4507_1.json,4507_1.json,2
train\4507_2.json,4507_2.json,2
train\4509_1.json,4509_1.json,3
train\450_1.json,450_1.json,6
train\450_2.json,450_2.json,4
train\4510_1.json,4510_1.json,1
train\4510_2.json,4510_2.json,2
train\4513_2.json,4513_2.json,5
train\4514_1.json,4514_1.json,5
train\4515_1.json,4515_1.json,3
train\4515_2.json,4515_2.json,1
train\4516_1.json,4516_1.json,1
train\4516_2.json,4516_2.json,3
train\4517_1.json,4517_1.json,2
train\4517_2.json,4517_2.json,4
train\4518_1.json,4518_1.json,2
train\4518_2.json,4518_2.json,2
train\4519_1.json,4519_1.json,5
train\4519_2.json,4519_2.json,2
train\451_2.json,451_2.json,1
train\4520_1.json,4520_1.json,6
train\4520_2.json,4520_2.json,7
train\4521_1.json,4521_1.json,3
train\4522_1.json,4522_1.json,6
train\4522_2.json,4522_2.json,3
train\4523_1.json,4523_1.json,6
train\4528_1.json,4528_1.json,3
train\452_1.json,452_1.json,7
train\455_2.json,455_2.json,1
train\4569_1.json,4569_1.json,2
train\456_1.json,456_1.json,6
train\4570_1.json,4570_1.json,2
train\4573_2.json,4573_2.json,5
train\4574_2.json,4574_2.json,3
train\4575_1.json,4575_1.json,2
train\4576_1.json,4576_1.json,4
train\4578_2.json,4578_2.json,3
train\4579_1.json,4579_1.json,1
train\457_1.json,457_1.json,3
train\457_2.json,457_2.json,2
train\4580_2.json,4580_2.json,2
train\458_1.json,458_1.json,2
train\4594_2.json,4594_2.json,3
train\4595_2.json,4595_2.json,2
train\4596_2.json,4596_2.json,2
train\4598_2.json,4598_2.json,4
train\459_2.json,459_2.json,5
train\45_1.json,45_1.json,6
train\4601_2.json,4601_2.json,4
train\4604_2.json,4604_2.json,3
train\4605_2.json,4605_2.json,1
train\4639_2.json,4639_2.json,3
train\463_1.json,463_1.json,7
train\4641_2.json,4641_2.json,4
train\4644_2.json,4644_2.json,6
train\4645_2.json,4645_2.json,2
train\4646_2.json,4646_2.json,3
train\4648_2.json,4648_2.json,5
train\4649_2.json,4649_2.json,4
train\464_1.json,464_1.json,4
train\4650_1.json,4650_1.json,4
train\4651_1.json,4651_1.json,5
train\4652_2.json,4652_2.json,4
train\4658_2.json,4658_2.json,1
train\465_1.json,465_1.json,4
train\465_2.json,465_2.json,3
train\4660_2.json,4660_2.json,2
train\4661_2.json,4661_2.json,2
train\4663_2.json,4663_2.json,1
train\4665_2.json,4665_2.json,2
train\4674_2.json,4674_2.json,4
train\4675_2.json,4675_2.json,6
train\4676_2.json,4676_2.json,7
train\4679_2.json,4679_2.json,4
train\467_1.json,467_1.json,8
train\467_2.json,467_2.json,5
train\4681_2.json,4681_2.json,9
train\4683_2.json,4683_2.json,5
train\468_1.json,468_1.json,7
train\4695_1.json,4695_1.json,2
train\4696_1.json,4696_1.json,2
train\4696_2.json,4696_2.json,5
train\4697_1.json,4697_1.json,2
train\4699_1.json,4699_1.json,4
train\469_1.json,469_1.json,7
train\469_2.json,469_2.json,3
train\46_1.json,46_1.json,9
train\4700_1.json,4700_1.json,3
train\4701_1.json,4701_1.json,4
train\4704_2.json,4704_2.json,1
train\4705_1.json,4705_1.json,3
train\4705_2.json,4705_2.json,6
train\4707_1.json,4707_1.json,3
train\4709_1.json,4709_1.json,5
train\4709_2.json,4709_2.json,3
train\470_1.json,470_1.json,4
train\470_2.json,470_2.json,6
train\4711_1.json,4711_1.json,4
train\4711_2.json,4711_2.json,5
train\4715_1.json,4715_1.json,5
train\4715_2.json,4715_2.json,1
train\4716_1.json,4716_1.json,3
train\4721_1.json,4721_1.json,4
train\4722_1.json,4722_1.json,3
train\4723_1.json,4723_1.json,5
train\4723_2.json,4723_2.json,11
train\4724_1.json,4724_1.json,6
train\4724_2.json,4724_2.json,11
train\4725_1.json,4725_1.json,10
train\4728_1.json,4728_1.json,3
train\4748_2.json,4748_2.json,2
train\4772_2.json,4772_2.json,1
train\4777_2.json,4777_2.json,1
train\4786_2.json,4786_2.json,1
train\47_2.json,47_2.json,2
train\4861_2.json,4861_2.json,2
train\4862_1.json,4862_1.json,3
train\4864_1.json,4864_1.json,4
train\4867_1.json,4867_1.json,3
train\4868_1.json,4868_1.json,3
train\4869_2.json,4869_2.json,2
train\4870_1.json,4870_1.json,2
train\4870_2.json,4870_2.json,1
train\4871_1.json,4871_1.json,2
train\4872_2.json,4872_2.json,1
train\4873_1.json,4873_1.json,3
train\4873_2.json,4873_2.json,3
train\4874_2.json,4874_2.json,2
train\4875_1.json,4875_1.json,3
train\4875_2.json,4875_2.json,1
train\4876_2.json,4876_2.json,1
train\4877_2.json,4877_2.json,1
train\4878_1.json,4878_1.json,3
train\4878_2.json,4878_2.json,1
train\4879_1.json,4879_1.json,2
train\4879_2.json,4879_2.json,2
train\4880_2.json,4880_2.json,3
train\4882_1.json,4882_1.json,5
train\4882_2.json,4882_2.json,3
train\4883_1.json,4883_1.json,2
train\4883_2.json,4883_2.json,2
train\48_1.json,48_1.json,6
train\4900_1.json,4900_1.json,8
train\4900_2.json,4900_2.json,5
train\4903_1.json,4903_1.json,7
train\4904_2.json,4904_2.json,5
train\4905_2.json,4905_2.json,6
train\4906_2.json,4906_2.json,5
train\4907_2.json,4907_2.json,5
train\4908_2.json,4908_2.json,4
train\4909_1.json,4909_1.json,2
train\4915_1.json,4915_1.json,4
train\4915_2.json,4915_2.json,3
train\4916_1.json,4916_1.json,5
train\4917_1.json,4917_1.json,3
train\4917_2.json,4917_2.json,2
train\4919_2.json,4919_2.json,7
train\4920_2.json,4920_2.json,2
train\4921_1.json,4921_1.json,3
train\4921_2.json,4921_2.json,2
train\4922_2.json,4922_2.json,2
train\4923_2.json,4923_2.json,2
train\4924_1.json,4924_1.json,4
train\49_2.json,49_2.json,2
train\52_1.json,52_1.json,6
train\53_1.json,53_1.json,5
train\54_1.json,54_1.json,9
train\552_1.json,552_1.json,4
train\55334_2.json,55334_2.json,4
train\55335_1.json,55335_1.json,6
train\55336_1.json,55336_1.json,6
train\55336_2.json,55336_2.json,4
train\55337_2.json,55337_2.json,5
train\55338_1.json,55338_1.json,6
train\55338_2.json,55338_2.json,3
train\55339_1.json,55339_1.json,9
train\55339_2.json,55339_2.json,3
train\55341_1.json,55341_1.json,11
train\55341_2.json,55341_2.json,5
train\55342_2.json,55342_2.json,6
train\55343_1.json,55343_1.json,7
train\55344_1.json,55344_1.json,9
train\55344_2.json,55344_2.json,7
train\55347_1.json,55347_1.json,5
train\55348_1.json,55348_1.json,4
train\55349_2.json,55349_2.json,4
train\55351_2.json,55351_2.json,5
train\55352_2.json,55352_2.json,3
train\55353_2.json,55353_2.json,5
train\55356_2.json,55356_2.json,4
train\55357_2.json,55357_2.json,6
train\55358_1.json,55358_1.json,6
train\55358_2.json,55358_2.json,5
train\55368_2.json,55368_2.json,3
train\55373_1.json,55373_1.json,5
train\55373_2.json,55373_2.json,3
train\55387_1.json,55387_1.json,6
train\55390_1.json,55390_1.json,4
train\55391_1.json,55391_1.json,7
train\55391_2.json,55391_2.json,3
train\55392_1.json,55392_1.json,6
train\55393_1.json,55393_1.json,5
train\55394_1.json,55394_1.json,5
train\55396_1.json,55396_1.json,8
train\55397_2.json,55397_2.json,4
train\55398_1.json,55398_1.json,5
train\55399_1.json,55399_1.json,5
train\55400_1.json,55400_1.json,6
train\55402_1.json,55402_1.json,6
train\55403_1.json,55403_1.json,5
train\55404_1.json,55404_1.json,5
train\55406_1.json,55406_1.json,6
train\55407_1.json,55407_1.json,8
train\55410_1.json,55410_1.json,6
train\55412_1.json,55412_1.json,9
train\55413_1.json,55413_1.json,11
train\55414_1.json,55414_1.json,15
train\55415_1.json,55415_1.json,13
train\55419_2.json,55419_2.json,1
train\55420_1.json,55420_1.json,10
train\55421_1.json,55421_1.json,13
train\55422_1.json,55422_1.json,12
train\55423_1.json,55423_1.json,11
train\55426_1.json,55426_1.json,9
train\55427_1.json,55427_1.json,9
train\55428_1.json,55428_1.json,12
train\55430_1.json,55430_1.json,11
train\55431_1.json,55431_1.json,10
train\55488_1.json,55488_1.json,4
train\55489_1.json,55489_1.json,5
train\55492_2.json,55492_2.json,1
train\55497_1.json,55497_1.json,5
train\55499_1.json,55499_1.json,4
train\55500_1.json,55500_1.json,3
train\55501_1.json,55501_1.json,4
train\55502_1.json,55502_1.json,4
train\55506_1.json,55506_1.json,9
train\55507_1.json,55507_1.json,8
train\55508_1.json,55508_1.json,7
train\55510_1.json,55510_1.json,6
train\55514_2.json,55514_2.json,4
train\55515_1.json,55515_1.json,3
train\55516_1.json,55516_1.json,4
train\55516_2.json,55516_2.json,4
train\55517_1.json,55517_1.json,3
train\55517_2.json,55517_2.json,9
train\55521_1.json,55521_1.json,4
train\55522_1.json,55522_1.json,3
train\55523_1.json,55523_1.json,4
train\55528_2.json,55528_2.json,3
train\55529_1.json,55529_1.json,5
train\55529_2.json,55529_2.json,5
train\55533_2.json,55533_2.json,6
train\55542_2.json,55542_2.json,3
train\55543_1.json,55543_1.json,7
train\55545_1.json,55545_1.json,6
train\55557_1.json,55557_1.json,6
train\55560_1.json,55560_1.json,4
train\55562_1.json,55562_1.json,3
train\55562_2.json,55562_2.json,5
train\55564_1.json,55564_1.json,4
train\55564_2.json,55564_2.json,7
train\55566_1.json,55566_1.json,4
train\55567_1.json,55567_1.json,5
train\55567_2.json,55567_2.json,3
train\55570_2.json,55570_2.json,4
train\55571_1.json,55571_1.json,7
train\55571_2.json,55571_2.json,3
train\55575_1.json,55575_1.json,6
train\55577_1.json,55577_1.json,4
train\55577_2.json,55577_2.json,2
train\55578_1.json,55578_1.json,4
train\55581_1.json,55581_1.json,3
train\55582_1.json,55582_1.json,7
train\55584_2.json,55584_2.json,2
train\55592_1.json,55592_1.json,3
train\55597_1.json,55597_1.json,5
train\55598_2.json,55598_2.json,4
train\55599_1.json,55599_1.json,4
train\55600_1.json,55600_1.json,4
train\55601_2.json,55601_2.json,3
train\55602_1.json,55602_1.json,5
train\55603_1.json,55603_1.json,5
train\55604_1.json,55604_1.json,7
train\55606_1.json,55606_1.json,11
train\55608_1.json,55608_1.json,8
train\55615_2.json,55615_2.json,5
train\55709_1.json,55709_1.json,7
train\55710_1.json,55710_1.json,8
train\55717_1.json,55717_1.json,5
train\55719_1.json,55719_1.json,6
train\55721_1.json,55721_1.json,6
train\55736_1.json,55736_1.json,7
train\55740_2.json,55740_2.json,2
train\55748_1.json,55748_1.json,7
train\55750_2.json,55750_2.json,4
train\55751_1.json,55751_1.json,8
train\55752_2.json,55752_2.json,10
train\55753_1.json,55753_1.json,4
train\55754_1.json,55754_1.json,13
train\55756_2.json,55756_2.json,5
train\55757_1.json,55757_1.json,7
train\55757_2.json,55757_2.json,5
train\55759_1.json,55759_1.json,7
train\55760_1.json,55760_1.json,10
train\55761_1.json,55761_1.json,8
train\55762_1.json,55762_1.json,8
train\55764_1.json,55764_1.json,6
train\55766_2.json,55766_2.json,3
train\55767_1.json,55767_1.json,6
train\55769_1.json,55769_1.json,6
train\55770_1.json,55770_1.json,4
train\55772_1.json,55772_1.json,2
train\55773_1.json,55773_1.json,3
train\55775_1.json,55775_1.json,7
train\55777_1.json,55777_1.json,7
train\55778_1.json,55778_1.json,9
train\55781_1.json,55781_1.json,6
train\55782_1.json,55782_1.json,9
train\55782_2.json,55782_2.json,3
train\55786_1.json,55786_1.json,6
train\55787_1.json,55787_1.json,3
train\55787_2.json,55787_2.json,6
train\55790_1.json,55790_1.json,5
train\55791_1.json,55791_1.json,5
train\55793_1.json,55793_1.json,6
train\55794_1.json,55794_1.json,5
train\55795_1.json,55795_1.json,7
train\55795_2.json,55795_2.json,2
train\55796_2.json,55796_2.json,6
train\55798_1.json,55798_1.json,1
train\55800_1.json,55800_1.json,1
train\55801_1.json,55801_1.json,2
train\55802_1.json,55802_1.json,2
train\55803_1.json,55803_1.json,3
train\55804_1.json,55804_1.json,3
train\55805_1.json,55805_1.json,5
train\55806_1.json,55806_1.json,4
train\55808_1.json,55808_1.json,4
train\55809_1.json,55809_1.json,7
train\55810_1.json,55810_1.json,6
train\55813_2.json,55813_2.json,2
train\55815_2.json,55815_2.json,2
train\55817_1.json,55817_1.json,7
train\55819_2.json,55819_2.json,5
train\55820_1.json,55820_1.json,4
train\55820_2.json,55820_2.json,7
train\55821_2.json,55821_2.json,4
train\55822_1.json,55822_1.json,2
train\55824_1.json,55824_1.json,3
train\55825_1.json,55825_1.json,4
train\55826_1.json,55826_1.json,5
train\55827_1.json,55827_1.json,5
train\55828_1.json,55828_1.json,6
train\55829_2.json,55829_2.json,7
train\55830_1.json,55830_1.json,6
train\55835_1.json,55835_1.json,4
train\55836_1.json,55836_1.json,4
train\55843_1.json,55843_1.json,9
train\55856_1.json,55856_1.json,2
train\55859_2.json,55859_2.json,5
train\55864_1.json,55864_1.json,9
train\55865_1.json,55865_1.json,3
train\55865_2.json,55865_2.json,5
train\55866_2.json,55866_2.json,5
train\55869_1.json,55869_1.json,7
train\55869_2.json,55869_2.json,2
train\55876_1.json,55876_1.json,7
train\55876_2.json,55876_2.json,4
train\55878_2.json,55878_2.json,5
train\55879_2.json,55879_2.json,5
train\55880_2.json,55880_2.json,6
train\55881_1.json,55881_1.json,4
train\55881_2.json,55881_2.json,4
train\55882_1.json,55882_1.json,3
train\55883_2.json,55883_2.json,6
train\55884_1.json,55884_1.json,2
train\55885_2.json,55885_2.json,3
train\55886_1.json,55886_1.json,2
train\55888_1.json,55888_1.json,6
train\55889_1.json,55889_1.json,6
train\55889_2.json,55889_2.json,9
train\55891_1.json,55891_1.json,8
train\55891_2.json,55891_2.json,6
train\55892_1.json,55892_1.json,7
train\55892_2.json,55892_2.json,7
train\55893_1.json,55893_1.json,10
train\55893_2.json,55893_2.json,8
train\55894_2.json,55894_2.json,7
train\55895_1.json,55895_1.json,8
train\55895_2.json,55895_2.json,5
train\55896_1.json,55896_1.json,5
train\55896_2.json,55896_2.json,4
train\55899_2.json,55899_2.json,6
train\55900_1.json,55900_1.json,2
train\55902_2.json,55902_2.json,5
train\55903_1.json,55903_1.json,2
train\55903_2.json,55903_2.json,3
train\55904_1.json,55904_1.json,3
train\55905_1.json,55905_1.json,3
train\55906_2.json,55906_2.json,5
train\55907_2.json,55907_2.json,5
train\55908_2.json,55908_2.json,11
train\55909_1.json,55909_1.json,2
train\55909_2.json,55909_2.json,9
train\55910_1.json,55910_1.json,2
train\55911_1.json,55911_1.json,2
train\55911_2.json,55911_2.json,10
train\55913_2.json,55913_2.json,9
train\55914_2.json,55914_2.json,5
train\55915_2.json,55915_2.json,4
train\55916_1.json,55916_1.json,5
train\55916_2.json,55916_2.json,3
train\55917_1.json,55917_1.json,9
train\55917_2.json,55917_2.json,6
train\55918_1.json,55918_1.json,5
train\55918_2.json,55918_2.json,7
train\55932_1.json,55932_1.json,3
train\55933_1.json,55933_1.json,3
train\55939_1.json,55939_1.json,4
train\55939_2.json,55939_2.json,2
train\55940_1.json,55940_1.json,4
train\55940_2.json,55940_2.json,3
train\55943_1.json,55943_1.json,4
train\55944_1.json,55944_1.json,4
train\55945_1.json,55945_1.json,5
train\55946_1.json,55946_1.json,6
train\55947_1.json,55947_1.json,9
train\55948_1.json,55948_1.json,6
train\55949_1.json,55949_1.json,8
train\55950_1.json,55950_1.json,6
train\55950_2.json,55950_2.json,5
train\55952_2.json,55952_2.json,3
train\55953_1.json,55953_1.json,4
train\55954_1.json,55954_1.json,4
train\55954_2.json,55954_2.json,3
train\55955_1.json,55955_1.json,3
train\55956_1.json,55956_1.json,5
train\55957_1.json,55957_1.json,9
train\55959_1.json,55959_1.json,5
train\55959_2.json,55959_2.json,4
train\55960_1.json,55960_1.json,5
train\55961_1.json,55961_1.json,3
train\55962_1.json,55962_1.json,4
train\55963_1.json,55963_1.json,5
train\55963_2.json,55963_2.json,3
train\55964_2.json,55964_2.json,13
train\55965_1.json,55965_1.json,5
train\55965_2.json,55965_2.json,2
train\55966_1.json,55966_1.json,4
train\55966_2.json,55966_2.json,3
train\55967_1.json,55967_1.json,5
train\55967_2.json,55967_2.json,5
train\55968_1.json,55968_1.json,2
train\55970_2.json,55970_2.json,3
train\55972_2.json,55972_2.json,1
train\55973_1.json,55973_1.json,3
train\55973_2.json,55973_2.json,1
train\55974_1.json,55974_1.json,3
train\55974_2.json,55974_2.json,3
train\55975_1.json,55975_1.json,6
train\55975_2.json,55975_2.json,6
train\55976_1.json,55976_1.json,5
train\55977_1.json,55977_1.json,7
train\55980_2.json,55980_2.json,5
train\55981_2.json,55981_2.json,5
train\55985_2.json,55985_2.json,3
train\55987_2.json,55987_2.json,3
train\55988_1.json,55988_1.json,4
train\55988_2.json,55988_2.json,3
train\55990_2.json,55990_2.json,2
train\55991_2.json,55991_2.json,4
train\55_1.json,55_1.json,9
train\56003_1.json,56003_1.json,2
train\56005_1.json,56005_1.json,7
train\56007_1.json,56007_1.json,6
train\56008_1.json,56008_1.json,7
train\56009_1.json,56009_1.json,4
train\56010_1.json,56010_1.json,5
train\56010_2.json,56010_2.json,2
train\56011_1.json,56011_1.json,4
train\56011_2.json,56011_2.json,3
train\56012_1.json,56012_1.json,3
train\56013_1.json,56013_1.json,4
train\56014_1.json,56014_1.json,4
train\56015_1.json,56015_1.json,4
train\56016_1.json,56016_1.json,7
train\56017_2.json,56017_2.json,2
train\56018_1.json,56018_1.json,6
train\56018_2.json,56018_2.json,3
train\56020_2.json,56020_2.json,2
train\56023_1.json,56023_1.json,4
train\56029_1.json,56029_1.json,6
train\56035_1.json,56035_1.json,3
train\56035_2.json,56035_2.json,1
train\56036_2.json,56036_2.json,2
train\56038_1.json,56038_1.json,5
train\56038_2.json,56038_2.json,5
train\56160_2.json,56160_2.json,2
train\56161_2.json,56161_2.json,3
train\56162_2.json,56162_2.json,8
train\56164_2.json,56164_2.json,10
train\56171_1.json,56171_1.json,8
train\56171_2.json,56171_2.json,2
train\56172_1.json,56172_1.json,4
train\56172_2.json,56172_2.json,1
train\56175_2.json,56175_2.json,3
train\56176_1.json,56176_1.json,5
train\56177_1.json,56177_1.json,6
train\56187_2.json,56187_2.json,1
train\56188_1.json,56188_1.json,4
train\56189_2.json,56189_2.json,6
train\56192_2.json,56192_2.json,2
train\56193_2.json,56193_2.json,2
train\56194_2.json,56194_2.json,3
train\56195_2.json,56195_2.json,3
train\56196_1.json,56196_1.json,5
train\56196_2.json,56196_2.json,3
train\56198_1.json,56198_1.json,7
train\56199_1.json,56199_1.json,3
train\56200_1.json,56200_1.json,5
train\56201_1.json,56201_1.json,4
train\56201_2.json,56201_2.json,2
train\56202_1.json,56202_1.json,4
train\56202_2.json,56202_2.json,2
train\56224_1.json,56224_1.json,3
train\56224_2.json,56224_2.json,3
train\56225_1.json,56225_1.json,4
train\56226_1.json,56226_1.json,2
train\56226_2.json,56226_2.json,5
train\56227_1.json,56227_1.json,3
train\56227_2.json,56227_2.json,3
train\56228_1.json,56228_1.json,3
train\56230_1.json,56230_1.json,2
train\56230_2.json,56230_2.json,4
train\56232_2.json,56232_2.json,9
train\56233_1.json,56233_1.json,3
train\56233_2.json,56233_2.json,3
train\56234_1.json,56234_1.json,4
train\56235_1.json,56235_1.json,4
train\56235_2.json,56235_2.json,3
train\56236_1.json,56236_1.json,4
train\56237_2.json,56237_2.json,2
train\56241_2.json,56241_2.json,3
train\56242_1.json,56242_1.json,3
train\56242_2.json,56242_2.json,3
train\56243_1.json,56243_1.json,3
train\56245_1.json,56245_1.json,5
train\56245_2.json,56245_2.json,3
train\56247_1.json,56247_1.json,3
train\56248_1.json,56248_1.json,4
train\56251_1.json,56251_1.json,6
train\56251_2.json,56251_2.json,4
train\56252_1.json,56252_1.json,11
train\56256_1.json,56256_1.json,7
train\56257_2.json,56257_2.json,1
train\56260_1.json,56260_1.json,4
train\56260_2.json,56260_2.json,5
train\56261_1.json,56261_1.json,5
train\56261_2.json,56261_2.json,3
train\56263_1.json,56263_1.json,4
train\56266_1.json,56266_1.json,7
train\56268_1.json,56268_1.json,6
train\56270_1.json,56270_1.json,5
train\56272_2.json,56272_2.json,2
train\56273_1.json,56273_1.json,5
train\56274_1.json,56274_1.json,3
train\56275_1.json,56275_1.json,9
train\56275_2.json,56275_2.json,5
train\56277_1.json,56277_1.json,3
train\56277_2.json,56277_2.json,2
train\56288_1.json,56288_1.json,4
train\56288_2.json,56288_2.json,6
train\56289_1.json,56289_1.json,6
train\56289_2.json,56289_2.json,3
train\56290_1.json,56290_1.json,3
train\56295_1.json,56295_1.json,4
train\56296_1.json,56296_1.json,5
train\56299_2.json,56299_2.json,1
train\56300_2.json,56300_2.json,1
train\56301_1.json,56301_1.json,3
train\56301_2.json,56301_2.json,2
train\56302_1.json,56302_1.json,4
train\56303_1.json,56303_1.json,4
train\56304_1.json,56304_1.json,5
train\56305_1.json,56305_1.json,6
train\56306_1.json,56306_1.json,7
train\56308_1.json,56308_1.json,4
train\56310_1.json,56310_1.json,8
train\56310_2.json,56310_2.json,6
train\56311_1.json,56311_1.json,6
train\56312_2.json,56312_2.json,2
train\56313_1.json,56313_1.json,8
train\56313_2.json,56313_2.json,5
train\56314_1.json,56314_1.json,4
train\56314_2.json,56314_2.json,5
train\56315_1.json,56315_1.json,5
train\56319_1.json,56319_1.json,5
train\56320_1.json,56320_1.json,9
train\56321_1.json,56321_1.json,11
train\56321_2.json,56321_2.json,7
train\56322_1.json,56322_1.json,12
train\56322_2.json,56322_2.json,4
train\56324_2.json,56324_2.json,4
train\56325_2.json,56325_2.json,7
train\56326_2.json,56326_2.json,5
train\56327_1.json,56327_1.json,6
train\56327_2.json,56327_2.json,5
train\56344_2.json,56344_2.json,9
train\56346_1.json,56346_1.json,5
train\56349_2.json,56349_2.json,3
train\56350_1.json,56350_1.json,4
train\56350_2.json,56350_2.json,3
train\56352_1.json,56352_1.json,4
train\56352_2.json,56352_2.json,3
train\56353_1.json,56353_1.json,5
train\56356_1.json,56356_1.json,7
train\56357_1.json,56357_1.json,4
train\56358_1.json,56358_1.json,5
train\56359_1.json,56359_1.json,5
train\56360_1.json,56360_1.json,5
train\56361_1.json,56361_1.json,6
train\56361_2.json,56361_2.json,3
train\56362_2.json,56362_2.json,3
train\56363_1.json,56363_1.json,4
train\56364_2.json,56364_2.json,1
train\56365_1.json,56365_1.json,3
train\56365_2.json,56365_2.json,2
train\56367_1.json,56367_1.json,5
train\56368_2.json,56368_2.json,2
train\56369_1.json,56369_1.json,2
train\56372_2.json,56372_2.json,1
train\56373_1.json,56373_1.json,5
train\56373_2.json,56373_2.json,2
train\56374_2.json,56374_2.json,5
train\56375_1.json,56375_1.json,5
train\56375_2.json,56375_2.json,5
train\56378_1.json,56378_1.json,7
train\56378_2.json,56378_2.json,12
train\56379_2.json,56379_2.json,2
train\56380_1.json,56380_1.json,6
train\56382_1.json,56382_1.json,4
train\56382_2.json,56382_2.json,4
train\56385_2.json,56385_2.json,2
train\56386_1.json,56386_1.json,2
train\56386_2.json,56386_2.json,1
train\56387_1.json,56387_1.json,4
train\56388_1.json,56388_1.json,5
train\56388_2.json,56388_2.json,1
train\56389_2.json,56389_2.json,4
train\56391_1.json,56391_1.json,9
train\56391_2.json,56391_2.json,3
train\56393_1.json,56393_1.json,8
train\56393_2.json,56393_2.json,2
train\56394_1.json,56394_1.json,9
train\56395_1.json,56395_1.json,4
train\56395_2.json,56395_2.json,6
train\56396_1.json,56396_1.json,3
train\56396_2.json,56396_2.json,4
train\56397_1.json,56397_1.json,4
train\56397_2.json,56397_2.json,2
train\56398_1.json,56398_1.json,2
train\56399_1.json,56399_1.json,3
train\56400_2.json,56400_2.json,3
train\56401_1.json,56401_1.json,3
train\56402_1.json,56402_1.json,3
train\56402_2.json,56402_2.json,3
train\56403_1.json,56403_1.json,4
train\56403_2.json,56403_2.json,3
train\56405_2.json,56405_2.json,3
train\56419_1.json,56419_1.json,4
train\56419_2.json,56419_2.json,4
train\56424_1.json,56424_1.json,4
train\56424_2.json,56424_2.json,3
train\56425_1.json,56425_1.json,2
train\56426_1.json,56426_1.json,3
train\56426_2.json,56426_2.json,2
train\56427_1.json,56427_1.json,3
train\56428_1.json,56428_1.json,3
train\56429_1.json,56429_1.json,3
train\56430_1.json,56430_1.json,2
train\56431_1.json,56431_1.json,5
train\56432_1.json,56432_1.json,4
train\56434_1.json,56434_1.json,5
train\56435_1.json,56435_1.json,3
train\56436_1.json,56436_1.json,4
train\56436_2.json,56436_2.json,4
train\56437_1.json,56437_1.json,4
train\56438_1.json,56438_1.json,6
train\56438_2.json,56438_2.json,5
train\56439_2.json,56439_2.json,5
train\56441_1.json,56441_1.json,4
train\56442_2.json,56442_2.json,2
train\56444_1.json,56444_1.json,2
train\56444_2.json,56444_2.json,2
train\56445_1.json,56445_1.json,3
train\56447_1.json,56447_1.json,3
train\56447_2.json,56447_2.json,4
train\56448_1.json,56448_1.json,2
train\56450_1.json,56450_1.json,3
train\56451_1.json,56451_1.json,4
train\56452_2.json,56452_2.json,3
train\56453_2.json,56453_2.json,2
train\56454_1.json,56454_1.json,2
train\56454_2.json,56454_2.json,2
train\56456_1.json,56456_1.json,4
train\56457_1.json,56457_1.json,4
train\56459_1.json,56459_1.json,3
train\56459_2.json,56459_2.json,1
train\56460_1.json,56460_1.json,3
train\56460_2.json,56460_2.json,2
train\56461_2.json,56461_2.json,3
train\56462_2.json,56462_2.json,2
train\56463_2.json,56463_2.json,2
train\56465_1.json,56465_1.json,2
train\56467_1.json,56467_1.json,3
train\56468_1.json,56468_1.json,3
train\56469_1.json,56469_1.json,3
train\56469_2.json,56469_2.json,1
train\56481_1.json,56481_1.json,3
train\56483_1.json,56483_1.json,3
train\56484_2.json,56484_2.json,4
train\56485_1.json,56485_1.json,2
train\56485_2.json,56485_2.json,5
train\56486_1.json,56486_1.json,9
train\56486_2.json,56486_2.json,2
train\56487_1.json,56487_1.json,4
train\56487_2.json,56487_2.json,4
train\56489_2.json,56489_2.json,4
train\56490_1.json,56490_1.json,4
train\56490_2.json,56490_2.json,4
train\56492_2.json,56492_2.json,4
train\56493_1.json,56493_1.json,6
train\56496_1.json,56496_1.json,6
train\56499_1.json,56499_1.json,6
train\56500_1.json,56500_1.json,7
train\56500_2.json,56500_2.json,3
train\56501_2.json,56501_2.json,3
train\56503_1.json,56503_1.json,2
train\56503_2.json,56503_2.json,3
train\56504_1.json,56504_1.json,3
train\56504_2.json,56504_2.json,2
train\56505_1.json,56505_1.json,3
train\56505_2.json,56505_2.json,4
train\56506_1.json,56506_1.json,3
train\56509_1.json,56509_1.json,3
train\56510_1.json,56510_1.json,5
train\56511_1.json,56511_1.json,4
train\56513_1.json,56513_1.json,4
train\56515_1.json,56515_1.json,3
train\56516_1.json,56516_1.json,4
train\56517_1.json,56517_1.json,3
train\56523_1.json,56523_1.json,2
train\56524_1.json,56524_1.json,1
train\56528_1.json,56528_1.json,4
train\56531_1.json,56531_1.json,5
train\56535_1.json,56535_1.json,4
train\56536_1.json,56536_1.json,3
train\56538_1.json,56538_1.json,3
train\56543_1.json,56543_1.json,2
train\56545_1.json,56545_1.json,16
train\56546_1.json,56546_1.json,13
train\56547_1.json,56547_1.json,9
train\56547_2.json,56547_2.json,1
train\56548_1.json,56548_1.json,12
train\56548_2.json,56548_2.json,2
train\56549_1.json,56549_1.json,9
train\56549_2.json,56549_2.json,3
train\56554_1.json,56554_1.json,10
train\56554_2.json,56554_2.json,9
train\56555_2.json,56555_2.json,4
train\56556_2.json,56556_2.json,5
train\56557_1.json,56557_1.json,8
train\56560_1.json,56560_1.json,6
train\56560_2.json,56560_2.json,9
train\56564_1.json,56564_1.json,14
train\56564_2.json,56564_2.json,2
train\56565_1.json,56565_1.json,6
train\56565_2.json,56565_2.json,5
train\56566_1.json,56566_1.json,8
train\56567_1.json,56567_1.json,5
train\56568_1.json,56568_1.json,9
train\56569_1.json,56569_1.json,8
train\56569_2.json,56569_2.json,1
train\56571_2.json,56571_2.json,2
train\56572_1.json,56572_1.json,5
train\56572_2.json,56572_2.json,2
train\56577_1.json,56577_1.json,5
train\56578_2.json,56578_2.json,8
train\56579_2.json,56579_2.json,1
train\56580_1.json,56580_1.json,3
train\56580_2.json,56580_2.json,2
train\56581_2.json,56581_2.json,3
train\56584_1.json,56584_1.json,2
train\56585_2.json,56585_2.json,7
train\56589_1.json,56589_1.json,8
train\56589_2.json,56589_2.json,4
train\56591_1.json,56591_1.json,5
train\56591_2.json,56591_2.json,4
train\56592_2.json,56592_2.json,13
train\56595_1.json,56595_1.json,7
train\56597_1.json,56597_1.json,4
train\56597_2.json,56597_2.json,5
train\56598_1.json,56598_1.json,4
train\56598_2.json,56598_2.json,3
train\56599_1.json,56599_1.json,2
train\56599_2.json,56599_2.json,2
train\56600_1.json,56600_1.json,3
train\56600_2.json,56600_2.json,4
train\56601_1.json,56601_1.json,3
train\56601_2.json,56601_2.json,3
train\56603_1.json,56603_1.json,5
train\56603_2.json,56603_2.json,2
train\56604_2.json,56604_2.json,1
train\56605_1.json,56605_1.json,2
train\56605_2.json,56605_2.json,1
train\56606_1.json,56606_1.json,2
train\56606_2.json,56606_2.json,2
train\56607_2.json,56607_2.json,2
train\56608_1.json,56608_1.json,6
train\56608_2.json,56608_2.json,5
train\56610_1.json,56610_1.json,5
train\56610_2.json,56610_2.json,5
train\56611_1.json,56611_1.json,7
train\56611_2.json,56611_2.json,10
train\56612_1.json,56612_1.json,6
train\56612_2.json,56612_2.json,4
train\56613_1.json,56613_1.json,4
train\56613_2.json,56613_2.json,1
train\56614_1.json,56614_1.json,3
train\56614_2.json,56614_2.json,2
train\56615_1.json,56615_1.json,3
train\56616_1.json,56616_1.json,6
train\56616_2.json,56616_2.json,2
train\56617_1.json,56617_1.json,3
train\56618_1.json,56618_1.json,2
train\56619_1.json,56619_1.json,3
train\56621_1.json,56621_1.json,5
train\56622_1.json,56622_1.json,12
train\56622_2.json,56622_2.json,10
train\56623_1.json,56623_1.json,5
train\56623_2.json,56623_2.json,2
train\56626_1.json,56626_1.json,4
train\56626_2.json,56626_2.json,6
train\56627_1.json,56627_1.json,5
train\56629_1.json,56629_1.json,6
train\56629_2.json,56629_2.json,3
train\56630_2.json,56630_2.json,4
train\56631_1.json,56631_1.json,9
train\56631_2.json,56631_2.json,4
train\56632_1.json,56632_1.json,7
train\56632_2.json,56632_2.json,5
train\56633_2.json,56633_2.json,2
train\56635_1.json,56635_1.json,4
train\56636_1.json,56636_1.json,6
train\56636_2.json,56636_2.json,4
train\56637_1.json,56637_1.json,6
train\56637_2.json,56637_2.json,5
train\56638_2.json,56638_2.json,5
train\56640_1.json,56640_1.json,4
train\56640_2.json,56640_2.json,4
train\56641_1.json,56641_1.json,3
train\56641_2.json,56641_2.json,1
train\56643_2.json,56643_2.json,3
train\56644_1.json,56644_1.json,2
train\56644_2.json,56644_2.json,2
train\56646_1.json,56646_1.json,4
train\56646_2.json,56646_2.json,2
train\56648_1.json,56648_1.json,5
train\56648_2.json,56648_2.json,2
train\56649_1.json,56649_1.json,4
train\56649_2.json,56649_2.json,1
train\56652_1.json,56652_1.json,3
train\56652_2.json,56652_2.json,3
train\56653_1.json,56653_1.json,3
train\56653_2.json,56653_2.json,3
train\56654_1.json,56654_1.json,8
train\56654_2.json,56654_2.json,8
train\56655_2.json,56655_2.json,3
train\56656_1.json,56656_1.json,4
train\56656_2.json,56656_2.json,5
train\56657_1.json,56657_1.json,4
train\56657_2.json,56657_2.json,4
train\56658_2.json,56658_2.json,3
train\56659_1.json,56659_1.json,4
train\56660_1.json,56660_1.json,2
train\56662_1.json,56662_1.json,2
train\56662_2.json,56662_2.json,2
train\56663_2.json,56663_2.json,2
train\56664_2.json,56664_2.json,4
train\56665_1.json,56665_1.json,8
train\56665_2.json,56665_2.json,3
train\56666_1.json,56666_1.json,2
train\56666_2.json,56666_2.json,3
train\56667_1.json,56667_1.json,5
train\56667_2.json,56667_2.json,2
train\56669_2.json,56669_2.json,2
train\56670_1.json,56670_1.json,3
train\56670_2.json,56670_2.json,2
train\56671_2.json,56671_2.json,2
train\56672_2.json,56672_2.json,2
train\56673_2.json,56673_2.json,3
train\56674_1.json,56674_1.json,4
train\56674_2.json,56674_2.json,3
train\56675_1.json,56675_1.json,3
train\56675_2.json,56675_2.json,2
train\56676_2.json,56676_2.json,1
train\56677_1.json,56677_1.json,7
train\56678_1.json,56678_1.json,5
train\56679_1.json,56679_1.json,5
train\56680_1.json,56680_1.json,4
train\56681_1.json,56681_1.json,3
train\56682_1.json,56682_1.json,3
train\56684_1.json,56684_1.json,3
train\56685_1.json,56685_1.json,4
train\56685_2.json,56685_2.json,4
train\56686_1.json,56686_1.json,8
train\56686_2.json,56686_2.json,6
train\56689_1.json,56689_1.json,6
train\56690_1.json,56690_1.json,5
train\56691_1.json,56691_1.json,6
train\56691_2.json,56691_2.json,3
train\56692_1.json,56692_1.json,7
train\56693_1.json,56693_1.json,5
train\56693_2.json,56693_2.json,5
train\56694_1.json,56694_1.json,6
train\56694_2.json,56694_2.json,4
train\56696_1.json,56696_1.json,4
train\56696_2.json,56696_2.json,2
train\56697_1.json,56697_1.json,4
train\56697_2.json,56697_2.json,3
train\56698_2.json,56698_2.json,4
train\56699_1.json,56699_1.json,5
train\56700_1.json,56700_1.json,3
train\56700_2.json,56700_2.json,2
train\56701_1.json,56701_1.json,5
train\56702_1.json,56702_1.json,2
train\56703_1.json,56703_1.json,5
train\56703_2.json,56703_2.json,3
train\56718_1.json,56718_1.json,6
train\56719_1.json,56719_1.json,5
train\56720_2.json,56720_2.json,3
train\56721_1.json,56721_1.json,3
train\56725_1.json,56725_1.json,5
train\56725_2.json,56725_2.json,4
train\56726_1.json,56726_1.json,4
train\56733_1.json,56733_1.json,3
train\56733_2.json,56733_2.json,2
train\56734_2.json,56734_2.json,3
train\56736_1.json,56736_1.json,8
train\56737_2.json,56737_2.json,5
train\56738_2.json,56738_2.json,3
train\56741_1.json,56741_1.json,6
train\56743_1.json,56743_1.json,5
train\56743_2.json,56743_2.json,3
train\56744_2.json,56744_2.json,3
train\56745_2.json,56745_2.json,5
train\56746_1.json,56746_1.json,6
train\56746_2.json,56746_2.json,7
train\56747_1.json,56747_1.json,5
train\56747_2.json,56747_2.json,6
train\56748_2.json,56748_2.json,3
train\56749_2.json,56749_2.json,2
train\56750_1.json,56750_1.json,2
train\56752_1.json,56752_1.json,2
train\56752_2.json,56752_2.json,2
train\56753_1.json,56753_1.json,2
train\56753_2.json,56753_2.json,2
train\56754_1.json,56754_1.json,3
train\56756_2.json,56756_2.json,3
train\56757_1.json,56757_1.json,9
train\56757_2.json,56757_2.json,7
train\56758_1.json,56758_1.json,3
train\56758_2.json,56758_2.json,4
train\56759_1.json,56759_1.json,3
train\56759_2.json,56759_2.json,2
train\56760_1.json,56760_1.json,3
train\56761_1.json,56761_1.json,8
train\56765_1.json,56765_1.json,3
train\56765_2.json,56765_2.json,3
train\56766_1.json,56766_1.json,7
train\56766_2.json,56766_2.json,4
train\56767_1.json,56767_1.json,4
train\56768_2.json,56768_2.json,5
train\56769_1.json,56769_1.json,3
train\56770_1.json,56770_1.json,2
train\56770_2.json,56770_2.json,5
train\56771_1.json,56771_1.json,2
train\56771_2.json,56771_2.json,3
train\56772_2.json,56772_2.json,2
train\56774_2.json,56774_2.json,3
train\56776_1.json,56776_1.json,6
train\56779_1.json,56779_1.json,4
train\56781_1.json,56781_1.json,4
train\56781_2.json,56781_2.json,6
train\56782_1.json,56782_1.json,5
train\56783_1.json,56783_1.json,4
train\56785_1.json,56785_1.json,4
train\56787_1.json,56787_1.json,3
train\56788_1.json,56788_1.json,5
train\56792_1.json,56792_1.json,2
train\56792_2.json,56792_2.json,3
train\56793_1.json,56793_1.json,3
train\56793_2.json,56793_2.json,4
train\56794_1.json,56794_1.json,3
train\56794_2.json,56794_2.json,4
train\56795_1.json,56795_1.json,4
train\56795_2.json,56795_2.json,4
train\56797_1.json,56797_1.json,4
train\56798_2.json,56798_2.json,2
train\56801_2.json,56801_2.json,4
train\56802_1.json,56802_1.json,5
train\56802_2.json,56802_2.json,5
train\56809_2.json,56809_2.json,2
train\56810_1.json,56810_1.json,4
train\56810_2.json,56810_2.json,2
train\56811_1.json,56811_1.json,3
train\56812_1.json,56812_1.json,3
train\56813_2.json,56813_2.json,2
train\56818_1.json,56818_1.json,4
train\56819_1.json,56819_1.json,3
train\56851_2.json,56851_2.json,3
train\56852_1.json,56852_1.json,3
train\56899_1.json,56899_1.json,7
train\56905_1.json,56905_1.json,8
train\56906_1.json,56906_1.json,6
train\56939_1.json,56939_1.json,2
train\56940_1.json,56940_1.json,2
train\56957_1.json,56957_1.json,6
train\56958_1.json,56958_1.json,10
train\56960_1.json,56960_1.json,5
train\56964_1.json,56964_1.json,4
train\56966_1.json,56966_1.json,4
train\56967_1.json,56967_1.json,3
train\56968_1.json,56968_1.json,5
train\56970_1.json,56970_1.json,3
train\56972_1.json,56972_1.json,5
train\56973_1.json,56973_1.json,3
train\56982_1.json,56982_1.json,2
train\56984_1.json,56984_1.json,5
train\56985_1.json,56985_1.json,3
train\56987_1.json,56987_1.json,2
train\56988_1.json,56988_1.json,2
train\56989_1.json,56989_1.json,2
train\56990_1.json,56990_1.json,1
train\56991_1.json,56991_1.json,1
train\56993_1.json,56993_1.json,2
train\56994_1.json,56994_1.json,6
train\56995_1.json,56995_1.json,6
train\56_1.json,56_1.json,8
train\57013_1.json,57013_1.json,5
train\57013_2.json,57013_2.json,2
train\57014_1.json,57014_1.json,4
train\57019_1.json,57019_1.json,3
train\57023_1.json,57023_1.json,8
train\57023_2.json,57023_2.json,10
train\57024_1.json,57024_1.json,7
train\57025_1.json,57025_1.json,10
train\57026_1.json,57026_1.json,10
train\57028_1.json,57028_1.json,8
train\57028_2.json,57028_2.json,2
train\57030_1.json,57030_1.json,3
train\57031_1.json,57031_1.json,2
train\57035_1.json,57035_1.json,2
train\57042_2.json,57042_2.json,1
train\57044_1.json,57044_1.json,1
train\57044_2.json,57044_2.json,2
train\57045_1.json,57045_1.json,1
train\57045_2.json,57045_2.json,2
train\57046_1.json,57046_1.json,2
train\57047_2.json,57047_2.json,2
train\57048_2.json,57048_2.json,5
train\57049_1.json,57049_1.json,7
train\57050_1.json,57050_1.json,3
train\57050_2.json,57050_2.json,5
train\57051_1.json,57051_1.json,2
train\57051_2.json,57051_2.json,2
train\57052_1.json,57052_1.json,2
train\57053_1.json,57053_1.json,4
train\57054_1.json,57054_1.json,3
train\57054_2.json,57054_2.json,3
train\57055_1.json,57055_1.json,3
train\57055_2.json,57055_2.json,3
train\57056_2.json,57056_2.json,1
train\57057_2.json,57057_2.json,1
train\57059_1.json,57059_1.json,5
train\57059_2.json,57059_2.json,3
train\57062_1.json,57062_1.json,8
train\57062_2.json,57062_2.json,6
train\57063_1.json,57063_1.json,4
train\57064_2.json,57064_2.json,2
train\57065_1.json,57065_1.json,5
train\57065_2.json,57065_2.json,5
train\57066_1.json,57066_1.json,7
train\57066_2.json,57066_2.json,4
train\57067_1.json,57067_1.json,4
train\57068_2.json,57068_2.json,1
train\57069_1.json,57069_1.json,4
train\57070_1.json,57070_1.json,2
train\57070_2.json,57070_2.json,1
train\57071_2.json,57071_2.json,4
train\57072_2.json,57072_2.json,1
train\57073_1.json,57073_1.json,3
train\57073_2.json,57073_2.json,1
train\57074_1.json,57074_1.json,3
train\57074_2.json,57074_2.json,3
train\57078_1.json,57078_1.json,7
train\57078_2.json,57078_2.json,4
train\57082_1.json,57082_1.json,2
train\57082_2.json,57082_2.json,1
train\57092_1.json,57092_1.json,1
train\57092_2.json,57092_2.json,3
train\57094_1.json,57094_1.json,1
train\57094_2.json,57094_2.json,1
train\57099_1.json,57099_1.json,2
train\57099_2.json,57099_2.json,2
train\57100_1.json,57100_1.json,2
train\57101_1.json,57101_1.json,2
train\57102_2.json,57102_2.json,4
train\57103_2.json,57103_2.json,5
train\57105_1.json,57105_1.json,6
train\57105_2.json,57105_2.json,5
train\57106_1.json,57106_1.json,6
train\57106_2.json,57106_2.json,7
train\57107_1.json,57107_1.json,4
train\57107_2.json,57107_2.json,5
train\57108_1.json,57108_1.json,2
train\57108_2.json,57108_2.json,2
train\57109_1.json,57109_1.json,1
train\57110_2.json,57110_2.json,2
train\57111_1.json,57111_1.json,4
train\57111_2.json,57111_2.json,3
train\57121_2.json,57121_2.json,2
train\57122_1.json,57122_1.json,1
train\57122_2.json,57122_2.json,2
train\57123_1.json,57123_1.json,2
train\57123_2.json,57123_2.json,2
train\57124_1.json,57124_1.json,2
train\57170_1.json,57170_1.json,4
train\57170_2.json,57170_2.json,3
train\57194_1.json,57194_1.json,2
train\57194_2.json,57194_2.json,5
train\575_1.json,575_1.json,11
train\575_2.json,575_2.json,3
train\57716_2.json,57716_2.json,3
train\57735_2.json,57735_2.json,1
train\57860_1.json,57860_1.json,3
train\579_1.json,579_1.json,12
train\580_1.json,580_1.json,10
train\584_2.json,584_2.json,5
train\585_1.json,585_1.json,3
train\585_2.json,585_2.json,1
train\586_2.json,586_2.json,17
train\58_1.json,58_1.json,7
train\58_2.json,58_2.json,5
train\590_1.json,590_1.json,2
train\590_2.json,590_2.json,2
train\592_1.json,592_1.json,3
train\592_2.json,592_2.json,2
train\593_1.json,593_1.json,6
train\594_1.json,594_1.json,4
train\594_2.json,594_2.json,2
train\595_1.json,595_1.json,5
train\596_2.json,596_2.json,3
train\599_1.json,599_1.json,5
train\59_1.json,59_1.json,7
train\600_1.json,600_1.json,3
train\600_2.json,600_2.json,7
train\601_1.json,601_1.json,5
train\601_2.json,601_2.json,6
train\602_1.json,602_1.json,4
train\604_1.json,604_1.json,4
train\604_2.json,604_2.json,4
train\609_1.json,609_1.json,4
train\609_2.json,609_2.json,4
train\611_1.json,611_1.json,4
train\612_1.json,612_1.json,5
train\613_1.json,613_1.json,6
train\613_2.json,613_2.json,3
train\614_1.json,614_1.json,10
train\616_1.json,616_1.json,6
train\617_1.json,617_1.json,5
train\617_2.json,617_2.json,2
train\619_2.json,619_2.json,2
train\61_1.json,61_1.json,5
train\61_2.json,61_2.json,11
train\622_1.json,622_1.json,3
train\622_2.json,622_2.json,5
train\623_2.json,623_2.json,8
train\624_1.json,624_1.json,1
train\624_2.json,624_2.json,8
train\625_1.json,625_1.json,3
train\625_2.json,625_2.json,8
train\62_1.json,62_1.json,6
train\63609_1.json,63609_1.json,7
train\63_2.json,63_2.json,5
train\642_1.json,642_1.json,9
train\642_2.json,642_2.json,1
train\64576_2.json,64576_2.json,2
train\646_2.json,646_2.json,2
train\64705_1.json,64705_1.json,7
train\64_1.json,64_1.json,6
train\64_2.json,64_2.json,8
train\651_1.json,651_1.json,2
train\654_1.json,654_1.json,2
train\654_2.json,654_2.json,4
train\655_2.json,655_2.json,5
train\656_1.json,656_1.json,3
train\656_2.json,656_2.json,4
train\657_1.json,657_1.json,4
train\657_2.json,657_2.json,5
train\660_1.json,660_1.json,3
train\660_2.json,660_2.json,4
train\662_1.json,662_1.json,7
train\663_1.json,663_1.json,6
train\663_2.json,663_2.json,6
train\66691_1.json,66691_1.json,2
train\66_1.json,66_1.json,10
train\66_2.json,66_2.json,5
train\67_1.json,67_1.json,6
train\67_2.json,67_2.json,4
train\682_2.json,682_2.json,3
train\685_2.json,685_2.json,3
train\689_1.json,689_1.json,6
train\689_2.json,689_2.json,2
train\68_1.json,68_1.json,6
train\68_2.json,68_2.json,7
train\690_1.json,690_1.json,6
train\690_2.json,690_2.json,3
train\692_2.json,692_2.json,2
train\69_2.json,69_2.json,2
train\6_1.json,6_1.json,3
train\701_2.json,701_2.json,3
train\704_1.json,704_1.json,1
train\705_1.json,705_1.json,1
train\706_1.json,706_1.json,3
train\706_2.json,706_2.json,5
train\709_1.json,709_1.json,7
train\70_2.json,70_2.json,1
train\712_1.json,712_1.json,3
train\713_1.json,713_1.json,5
train\713_2.json,713_2.json,2
train\714_1.json,714_1.json,4
train\715_1.json,715_1.json,3
train\716_2.json,716_2.json,4
train\717_2.json,717_2.json,5
train\71_1.json,71_1.json,3
train\729_2.json,729_2.json,1
train\731_1.json,731_1.json,4
train\732_1.json,732_1.json,3
train\732_2.json,732_2.json,4
train\733_2.json,733_2.json,2
train\735_1.json,735_1.json,5
train\73755_1.json,73755_1.json,4
train\73755_2.json,73755_2.json,5
train\73756_1.json,73756_1.json,3
train\73758_1.json,73758_1.json,3
train\73_1.json,73_1.json,7
train\73_2.json,73_2.json,5
train\74159_1.json,74159_1.json,3
train\74_2.json,74_2.json,5
train\75_1.json,75_1.json,8
train\75_2.json,75_2.json,4
train\76161_2.json,76161_2.json,4
train\76323_2.json,76323_2.json,5
train\76324_2.json,76324_2.json,5
train\76329_2.json,76329_2.json,5
train\76331_1.json,76331_1.json,10
train\76332_1.json,76332_1.json,7
train\76364_2.json,76364_2.json,6
train\76_1.json,76_1.json,6
train\76_2.json,76_2.json,4
train\771_1.json,771_1.json,3
train\77_1.json,77_1.json,7
train\77_2.json,77_2.json,4
train\785_2.json,785_2.json,3
train\786_2.json,786_2.json,2
train\79282_1.json,79282_1.json,5
train\795_2.json,795_2.json,1
train\799_2.json,799_2.json,2
train\7_1.json,7_1.json,4
train\807_2.json,807_2.json,3
train\80_1.json,80_1.json,5
train\81_1.json,81_1.json,5
train\81_2.json,81_2.json,3
train\82378_2.json,82378_2.json,2
train\82380_2.json,82380_2.json,6
train\82428_2.json,82428_2.json,3
train\82429_1.json,82429_1.json,2
train\82461_2.json,82461_2.json,3
train\82475_1.json,82475_1.json,2
train\82480_1.json,82480_1.json,2
train\82480_2.json,82480_2.json,3
train\82481_2.json,82481_2.json,2
train\824_1.json,824_1.json,2
train\827_2.json,827_2.json,3
train\828_1.json,828_1.json,4
train\828_2.json,828_2.json,2
train\830_2.json,830_2.json,6
train\835_1.json,835_1.json,3
train\836_2.json,836_2.json,2
train\83_1.json,83_1.json,5
train\83_2.json,83_2.json,7
train\847_2.json,847_2.json,4
train\84_2.json,84_2.json,10
train\852_1.json,852_1.json,7
train\861_2.json,861_2.json,2
train\86667_1.json,86667_1.json,6
train\86667_2.json,86667_2.json,3
train\86672_2.json,86672_2.json,3
train\86673_1.json,86673_1.json,4
train\86673_2.json,86673_2.json,4
train\86674_1.json,86674_1.json,5
train\86674_2.json,86674_2.json,4
train\86676_1.json,86676_1.json,4
train\86677_1.json,86677_1.json,4
train\86677_2.json,86677_2.json,4
train\86678_1.json,86678_1.json,4
train\86678_2.json,86678_2.json,3
train\86684_2.json,86684_2.json,4
train\86717_2.json,86717_2.json,3
train\868_1.json,868_1.json,3
train\868_2.json,868_2.json,2
train\86_1.json,86_1.json,1
train\86_2.json,86_2.json,3
train\871_1.json,871_1.json,2
train\871_2.json,871_2.json,2
train\878_1.json,878_1.json,7
train\878_2.json,878_2.json,3
train\879_1.json,879_1.json,5
train\879_2.json,879_2.json,3
train\880_1.json,880_1.json,7
train\880_2.json,880_2.json,4
train\881_1.json,881_1.json,8
train\881_2.json,881_2.json,2
train\882_2.json,882_2.json,1
train\883_1.json,883_1.json,1
train\883_2.json,883_2.json,1
train\886_1.json,886_1.json,5
train\886_2.json,886_2.json,2
train\889_1.json,889_1.json,4
train\889_2.json,889_2.json,2
train\893_1.json,893_1.json,4
train\894_2.json,894_2.json,2
train\897_2.json,897_2.json,3
train\8_1.json,8_1.json,4
train\901_2.json,901_2.json,5
train\903_1.json,903_1.json,7
train\904_1.json,904_1.json,6
train\904_2.json,904_2.json,4
train\905_1.json,905_1.json,7
train\905_2.json,905_2.json,3
train\908_1.json,908_1.json,5
train\909_2.json,909_2.json,3
train\910_1.json,910_1.json,3
train\911_2.json,911_2.json,2
train\91257_1.json,91257_1.json,4
train\912_1.json,912_1.json,1
train\912_2.json,912_2.json,2
train\914_2.json,914_2.json,4
train\915_1.json,915_1.json,3
train\915_2.json,915_2.json,2
train\916_1.json,916_1.json,4
train\916_2.json,916_2.json,4
train\917_1.json,917_1.json,4
train\917_2.json,917_2.json,5
train\918_1.json,918_1.json,6
train\918_2.json,918_2.json,6
train\919_2.json,919_2.json,2
train\920_1.json,920_1.json,7
train\920_2.json,920_2.json,2
train\92207_1.json,92207_1.json,3
train\96122_2.json,96122_2.json,2
train\97281_1.json,97281_1.json,2
train\97281_2.json,97281_2.json,1
train\97294_1.json,97294_1.json,5
val\100598_1.json,100598_1.json,1
val\100600_1.json,100600_1.json,1
val\104122_1.json,104122_1.json,4
val\105145_1.json,105145_1.json,3
val\122_2.json,122_2.json,4
val\1236_2.json,1236_2.json,4
val\1237_2.json,1237_2.json,3
val\124_1.json,124_1.json,5
val\127_1.json,127_1.json,6
val\127_2.json,127_2.json,2
val\128_1.json,128_1.json,4
val\137_1.json,137_1.json,4
val\1436_1.json,1436_1.json,2
val\15_2.json,15_2.json,4
val\167_2.json,167_2.json,2
val\168_2.json,168_2.json,2
val\174_2.json,174_2.json,1
val\176_2.json,176_2.json,2
val\177_1.json,177_1.json,3
val\18_1.json,18_1.json,8
val\2008_2.json,2008_2.json,4
val\2041_2.json,2041_2.json,6
val\2047_1.json,2047_1.json,7
val\210_2.json,210_2.json,4
val\212_2.json,212_2.json,6
val\213_1.json,213_1.json,11
val\215_2.json,215_2.json,6
val\217_2.json,217_2.json,5
val\222_1.json,222_1.json,6
val\22_1.json,22_1.json,4
val\231_1.json,231_1.json,7
val\233_1.json,233_1.json,8
val\235_2.json,235_2.json,4
val\236_2.json,236_2.json,3
val\239_2.json,239_2.json,1
val\23_1.json,23_1.json,7
val\240_1.json,240_1.json,5
val\241_1.json,241_1.json,4
val\242_1.json,242_1.json,2
val\24437_2.json,24437_2.json,3
val\24440_1.json,24440_1.json,4
val\24445_2.json,24445_2.json,4
val\24446_1.json,24446_1.json,2
val\24456_1.json,24456_1.json,2
val\24459_2.json,24459_2.json,4
val\24474_1.json,24474_1.json,3
val\24475_1.json,24475_1.json,2
val\244_1.json,244_1.json,3
val\245_1.json,245_1.json,3
val\246_2.json,246_2.json,2
val\252_2.json,252_2.json,8
val\26_2.json,26_2.json,6
val\270_1.json,270_1.json,5
val\270_2.json,270_2.json,4
val\273_2.json,273_2.json,2
val\275_1.json,275_1.json,6
val\2792_2.json,2792_2.json,3
val\295_1.json,295_1.json,7
val\296_2.json,296_2.json,7
val\347_1.json,347_1.json,7
val\35_1.json,35_1.json,3
val\360_1.json,360_1.json,5
val\360_2.json,360_2.json,5
val\361_1.json,361_1.json,6
val\369_2.json,369_2.json,3
val\376_1.json,376_1.json,4
val\376_2.json,376_2.json,6
val\377_2.json,377_2.json,5
val\37_1.json,37_1.json,4
val\381_2.json,381_2.json,3
val\382_1.json,382_1.json,5
val\3858_2.json,3858_2.json,3
val\386_2.json,386_2.json,4
val\387_1.json,387_1.json,4
val\389_1.json,389_1.json,10
val\39000_2.json,39000_2.json,4
val\39003_2.json,39003_2.json,2
val\39021_2.json,39021_2.json,2
val\39023_2.json,39023_2.json,3
val\39027_2.json,39027_2.json,2
val\39028_1.json,39028_1.json,5
val\39066_2.json,39066_2.json,2
val\39076_2.json,39076_2.json,1
val\39080_2.json,39080_2.json,3
val\39100_2.json,39100_2.json,3
val\39109_1.json,39109_1.json,4
val\39113_1.json,39113_1.json,2
val\39115_1.json,39115_1.json,5
val\39117_1.json,39117_1.json,2
val\39118_1.json,39118_1.json,3
val\39189_1.json,39189_1.json,2
val\39193_1.json,39193_1.json,2
val\39225_2.json,39225_2.json,2
val\39547_2.json,39547_2.json,5
val\39549_2.json,39549_2.json,3
val\39847_1.json,39847_1.json,3
val\39850_2.json,39850_2.json,5
val\39852_2.json,39852_2.json,3
val\39853_1.json,39853_1.json,3
val\39863_1.json,39863_1.json,2
val\39864_2.json,39864_2.json,3
val\39884_1.json,39884_1.json,8
val\39904_1.json,39904_1.json,5
val\39917_2.json,39917_2.json,5
val\39919_2.json,39919_2.json,3
val\39943_2.json,39943_2.json,5
val\399_1.json,399_1.json,4
val\3_1.json,3_1.json,2
val\3_2.json,3_2.json,5
val\40143_1.json,40143_1.json,3
val\40146_2.json,40146_2.json,4
val\40151_2.json,40151_2.json,4
val\40153_2.json,40153_2.json,6
val\40159_2.json,40159_2.json,6
val\40162_1.json,40162_1.json,5
val\40187_1.json,40187_1.json,4
val\40212_2.json,40212_2.json,1
val\40213_1.json,40213_1.json,6
val\40215_1.json,40215_1.json,5
val\40241_2.json,40241_2.json,3
val\40243_2.json,40243_2.json,5
val\40255_1.json,40255_1.json,11
val\40257_2.json,40257_2.json,6
val\40261_2.json,40261_2.json,2
val\40262_1.json,40262_1.json,9
val\40273_2.json,40273_2.json,7
val\40274_1.json,40274_1.json,2
val\40299_1.json,40299_1.json,6
val\40304_1.json,40304_1.json,6
val\40309_1.json,40309_1.json,10
val\40311_2.json,40311_2.json,6
val\40373_2.json,40373_2.json,5
val\405_1.json,405_1.json,8
val\40962_2.json,40962_2.json,5
val\40967_2.json,40967_2.json,2
val\40968_2.json,40968_2.json,9
val\40977_2.json,40977_2.json,3
val\41081_2.json,41081_2.json,3
val\413_1.json,413_1.json,6
val\41_1.json,41_1.json,6
val\430_1.json,430_1.json,11
val\4368_1.json,4368_1.json,2
val\4390_1.json,4390_1.json,4
val\4394_1.json,4394_1.json,8
val\4441_2.json,4441_2.json,3
val\4442_2.json,4442_2.json,3
val\4448_1.json,4448_1.json,6
val\4449_2.json,4449_2.json,5
val\4451_2.json,4451_2.json,9
val\4453_1.json,4453_1.json,4
val\4460_2.json,4460_2.json,1
val\4461_2.json,4461_2.json,1
val\447_1.json,447_1.json,7
val\448_2.json,448_2.json,7
val\4499_2.json,4499_2.json,5
val\449_2.json,449_2.json,6
val\44_1.json,44_1.json,7
val\4500_2.json,4500_2.json,4
val\4513_1.json,4513_1.json,2
val\4514_2.json,4514_2.json,1
val\451_1.json,451_1.json,7
val\4521_2.json,4521_2.json,2
val\4567_2.json,4567_2.json,4
val\4569_2.json,4569_2.json,3
val\4570_2.json,4570_2.json,2
val\4571_2.json,4571_2.json,3
val\4575_2.json,4575_2.json,4
val\4577_1.json,4577_1.json,1
val\4578_1.json,4578_1.json,1
val\458_2.json,458_2.json,2
val\4599_2.json,4599_2.json,4
val\459_1.json,459_1.json,3
val\4600_1.json,4600_1.json,4
val\460_2.json,460_2.json,2
val\463_2.json,463_2.json,3
val\4640_2.json,4640_2.json,4
val\4646_1.json,4646_1.json,5
val\4647_1.json,4647_1.json,3
val\464_2.json,464_2.json,5
val\4651_2.json,4651_2.json,6
val\466_1.json,466_1.json,5
val\466_2.json,466_2.json,3
val\4682_2.json,4682_2.json,5
val\468_2.json,468_2.json,2
val\4702_1.json,4702_1.json,4
val\4702_2.json,4702_2.json,2
val\4703_1.json,4703_1.json,3
val\4704_1.json,4704_1.json,3
val\4708_2.json,4708_2.json,2
val\4712_1.json,4712_1.json,5
val\4712_2.json,4712_2.json,3
val\4713_1.json,4713_1.json,5
val\4717_1.json,4717_1.json,2
val\4722_2.json,4722_2.json,8
val\4725_2.json,4725_2.json,4
val\4726_2.json,4726_2.json,3
val\4728_2.json,4728_2.json,5
val\4745_2.json,4745_2.json,1
val\4747_2.json,4747_2.json,2
val\4776_2.json,4776_2.json,1
val\4783_2.json,4783_2.json,1
val\4785_2.json,4785_2.json,1
val\4861_1.json,4861_1.json,2
val\4863_1.json,4863_1.json,5
val\4867_2.json,4867_2.json,1
val\4868_2.json,4868_2.json,2
val\4871_2.json,4871_2.json,1
val\4874_1.json,4874_1.json,3
val\4880_1.json,4880_1.json,3
val\4899_2.json,4899_2.json,2
val\4908_1.json,4908_1.json,3
val\4909_2.json,4909_2.json,3
val\4916_2.json,4916_2.json,2
val\4918_1.json,4918_1.json,3
val\4918_2.json,4918_2.json,3
val\4919_1.json,4919_1.json,3
val\4920_1.json,4920_1.json,2
val\49_1.json,49_1.json,6
val\51_1.json,51_1.json,5
val\51_2.json,51_2.json,2
val\55337_1.json,55337_1.json,7
val\55340_2.json,55340_2.json,2
val\55342_1.json,55342_1.json,9
val\55343_2.json,55343_2.json,8
val\55346_2.json,55346_2.json,7
val\55347_2.json,55347_2.json,3
val\55354_2.json,55354_2.json,6
val\55356_1.json,55356_1.json,6
val\55359_1.json,55359_1.json,9
val\55360_2.json,55360_2.json,1
val\55362_2.json,55362_2.json,2
val\55368_1.json,55368_1.json,2
val\55369_1.json,55369_1.json,2
val\55381_2.json,55381_2.json,1
val\55382_1.json,55382_1.json,5
val\55383_1.json,55383_1.json,6
val\55388_1.json,55388_1.json,6
val\55395_1.json,55395_1.json,6
val\55397_1.json,55397_1.json,7
val\55401_1.json,55401_1.json,7
val\55403_2.json,55403_2.json,2
val\55405_1.json,55405_1.json,3
val\55408_1.json,55408_1.json,7
val\55409_1.json,55409_1.json,6
val\55411_1.json,55411_1.json,10
val\55419_1.json,55419_1.json,6
val\55425_1.json,55425_1.json,6
val\55503_1.json,55503_1.json,7
val\55515_2.json,55515_2.json,4
val\55521_2.json,55521_2.json,6
val\55522_2.json,55522_2.json,5
val\55523_2.json,55523_2.json,5
val\55528_1.json,55528_1.json,3
val\55533_1.json,55533_1.json,7
val\55542_1.json,55542_1.json,10
val\55543_2.json,55543_2.json,2
val\55545_2.json,55545_2.json,4
val\55558_2.json,55558_2.json,1
val\55561_1.json,55561_1.json,5
val\55563_1.json,55563_1.json,3
val\55565_1.json,55565_1.json,5
val\55565_2.json,55565_2.json,6
val\55566_2.json,55566_2.json,3
val\55568_2.json,55568_2.json,6
val\55574_1.json,55574_1.json,6
val\55576_1.json,55576_1.json,5
val\55578_2.json,55578_2.json,3
val\55579_1.json,55579_1.json,3
val\55598_1.json,55598_1.json,4
val\55601_1.json,55601_1.json,3
val\55605_1.json,55605_1.json,7
val\55609_1.json,55609_1.json,8
val\55705_1.json,55705_1.json,4
val\55718_1.json,55718_1.json,6
val\55722_1.json,55722_1.json,11
val\55730_1.json,55730_1.json,4
val\55731_1.json,55731_1.json,7
val\55738_2.json,55738_2.json,3
val\55751_2.json,55751_2.json,3
val\55755_1.json,55755_1.json,9
val\55761_2.json,55761_2.json,3
val\55766_1.json,55766_1.json,10
val\55779_1.json,55779_1.json,9
val\55780_1.json,55780_1.json,6
val\55792_1.json,55792_1.json,7
val\55796_1.json,55796_1.json,3
val\55797_1.json,55797_1.json,2
val\55799_1.json,55799_1.json,2
val\55802_2.json,55802_2.json,2
val\55810_2.json,55810_2.json,1
val\55811_2.json,55811_2.json,2
val\55812_1.json,55812_1.json,8
val\55813_1.json,55813_1.json,10
val\55819_1.json,55819_1.json,7
val\55823_1.json,55823_1.json,3
val\55829_1.json,55829_1.json,8
val\55831_1.json,55831_1.json,5
val\55832_1.json,55832_1.json,3
val\55833_1.json,55833_1.json,4
val\55844_2.json,55844_2.json,4
val\55873_1.json,55873_1.json,11
val\55877_2.json,55877_2.json,3
val\55882_2.json,55882_2.json,5
val\55883_1.json,55883_1.json,3
val\55886_2.json,55886_2.json,5
val\55890_1.json,55890_1.json,11
val\55894_1.json,55894_1.json,10
val\55897_1.json,55897_1.json,8
val\55897_2.json,55897_2.json,4
val\55900_2.json,55900_2.json,7
val\55901_2.json,55901_2.json,6
val\55904_2.json,55904_2.json,3
val\55905_2.json,55905_2.json,3
val\55906_1.json,55906_1.json,2
val\55910_2.json,55910_2.json,7
val\55914_1.json,55914_1.json,7
val\55933_2.json,55933_2.json,4
val\55949_2.json,55949_2.json,2
val\55952_1.json,55952_1.json,4
val\55956_2.json,55956_2.json,4
val\55958_1.json,55958_1.json,8
val\55968_2.json,55968_2.json,4
val\55969_1.json,55969_1.json,2
val\55969_2.json,55969_2.json,3
val\55970_1.json,55970_1.json,2
val\55971_1.json,55971_1.json,2
val\55972_1.json,55972_1.json,4
val\55994_2.json,55994_2.json,2
val\56006_1.json,56006_1.json,5
val\56017_1.json,56017_1.json,7
val\56019_1.json,56019_1.json,7
val\56021_2.json,56021_2.json,3
val\56022_1.json,56022_1.json,8
val\56024_1.json,56024_1.json,6
val\56036_1.json,56036_1.json,3
val\56159_2.json,56159_2.json,2
val\56176_2.json,56176_2.json,6
val\56189_1.json,56189_1.json,3
val\56193_1.json,56193_1.json,1
val\56194_1.json,56194_1.json,2
val\56225_2.json,56225_2.json,7
val\56228_2.json,56228_2.json,5
val\56229_2.json,56229_2.json,4
val\56231_1.json,56231_1.json,4
val\56237_1.json,56237_1.json,4
val\56239_2.json,56239_2.json,2
val\56241_1.json,56241_1.json,3
val\56249_1.json,56249_1.json,2
val\56252_2.json,56252_2.json,9
val\56259_1.json,56259_1.json,5
val\56262_1.json,56262_1.json,4
val\56263_2.json,56263_2.json,4
val\56271_1.json,56271_1.json,7
val\56273_2.json,56273_2.json,4
val\56299_1.json,56299_1.json,6
val\56300_1.json,56300_1.json,4
val\56307_1.json,56307_1.json,5
val\56309_2.json,56309_2.json,7
val\56312_1.json,56312_1.json,9
val\56323_1.json,56323_1.json,9
val\56323_2.json,56323_2.json,3
val\56325_1.json,56325_1.json,4
val\56326_1.json,56326_1.json,5
val\56344_1.json,56344_1.json,4
val\56347_1.json,56347_1.json,4
val\56354_1.json,56354_1.json,5
val\56355_1.json,56355_1.json,6
val\56359_2.json,56359_2.json,3
val\56362_1.json,56362_1.json,5
val\56364_1.json,56364_1.json,3
val\56367_2.json,56367_2.json,1
val\56368_1.json,56368_1.json,4
val\56370_1.json,56370_1.json,8
val\56372_1.json,56372_1.json,5
val\56379_1.json,56379_1.json,11
val\56380_2.json,56380_2.json,3
val\56381_1.json,56381_1.json,5
val\56383_1.json,56383_1.json,4
val\56383_2.json,56383_2.json,2
val\56384_1.json,56384_1.json,5
val\56384_2.json,56384_2.json,3
val\56385_1.json,56385_1.json,2
val\56394_2.json,56394_2.json,2
val\56398_2.json,56398_2.json,3
val\56399_2.json,56399_2.json,3
val\56400_1.json,56400_1.json,4
val\56425_2.json,56425_2.json,2
val\56433_1.json,56433_1.json,5
val\56437_2.json,56437_2.json,5
val\56439_1.json,56439_1.json,4
val\56450_2.json,56450_2.json,4
val\56451_2.json,56451_2.json,3
val\56452_1.json,56452_1.json,2
val\56453_1.json,56453_1.json,3
val\56455_1.json,56455_1.json,4
val\56458_1.json,56458_1.json,4
val\56461_1.json,56461_1.json,3
val\56464_1.json,56464_1.json,3
val\56465_2.json,56465_2.json,2
val\56481_2.json,56481_2.json,2
val\56488_1.json,56488_1.json,3
val\56488_2.json,56488_2.json,1
val\56489_1.json,56489_1.json,4
val\56492_1.json,56492_1.json,7
val\56499_2.json,56499_2.json,4
val\56507_1.json,56507_1.json,4
val\56508_1.json,56508_1.json,4
val\56515_2.json,56515_2.json,2
val\56520_2.json,56520_2.json,3
val\56521_1.json,56521_1.json,9
val\56522_1.json,56522_1.json,2
val\56525_1.json,56525_1.json,2
val\56527_1.json,56527_1.json,2
val\56537_1.json,56537_1.json,2
val\56539_1.json,56539_1.json,3
val\56541_1.json,56541_1.json,4
val\56556_1.json,56556_1.json,7
val\56566_2.json,56566_2.json,3
val\56568_2.json,56568_2.json,1
val\56570_1.json,56570_1.json,8
val\56571_1.json,56571_1.json,4
val\56579_1.json,56579_1.json,4
val\56581_1.json,56581_1.json,4
val\56582_1.json,56582_1.json,2
val\56592_1.json,56592_1.json,13
val\56596_1.json,56596_1.json,3
val\56604_1.json,56604_1.json,6
val\56628_1.json,56628_1.json,6
val\56633_1.json,56633_1.json,3
val\56634_2.json,56634_2.json,2
val\56635_2.json,56635_2.json,2
val\56638_1.json,56638_1.json,6
val\56639_2.json,56639_2.json,5
val\56642_1.json,56642_1.json,1
val\56642_2.json,56642_2.json,5
val\56647_1.json,56647_1.json,5
val\56647_2.json,56647_2.json,2
val\56658_1.json,56658_1.json,4
val\56659_2.json,56659_2.json,3
val\56660_2.json,56660_2.json,2
val\56664_1.json,56664_1.json,8
val\56669_1.json,56669_1.json,3
val\56673_1.json,56673_1.json,4
val\56676_1.json,56676_1.json,5
val\56683_1.json,56683_1.json,3
val\56690_2.json,56690_2.json,5
val\56695_1.json,56695_1.json,5
val\56699_2.json,56699_2.json,3
val\56701_2.json,56701_2.json,3
val\56718_2.json,56718_2.json,2
val\56720_1.json,56720_1.json,4
val\56737_1.json,56737_1.json,6
val\56738_1.json,56738_1.json,5
val\56739_1.json,56739_1.json,5
val\56739_2.json,56739_2.json,3
val\56744_1.json,56744_1.json,5
val\56748_1.json,56748_1.json,3
val\56749_1.json,56749_1.json,4
val\56750_2.json,56750_2.json,3
val\56754_2.json,56754_2.json,3
val\56756_1.json,56756_1.json,5
val\56761_2.json,56761_2.json,2
val\56767_2.json,56767_2.json,5
val\56772_1.json,56772_1.json,3
val\56773_2.json,56773_2.json,3
val\56774_1.json,56774_1.json,6
val\56777_1.json,56777_1.json,5
val\56779_2.json,56779_2.json,8
val\56780_2.json,56780_2.json,5
val\56784_1.json,56784_1.json,6
val\56786_2.json,56786_2.json,4
val\56798_1.json,56798_1.json,3
val\56801_1.json,56801_1.json,6
val\56803_1.json,56803_1.json,6
val\56811_2.json,56811_2.json,1
val\56812_2.json,56812_2.json,2
val\56817_1.json,56817_1.json,3
val\56851_1.json,56851_1.json,3
val\56900_2.json,56900_2.json,8
val\56962_2.json,56962_2.json,7
val\56969_1.json,56969_1.json,2
val\56974_1.json,56974_1.json,2
val\56983_1.json,56983_1.json,4
val\56992_1.json,56992_1.json,2
val\57046_2.json,57046_2.json,1
val\57047_1.json,57047_1.json,3
val\57048_1.json,57048_1.json,4
val\57049_2.json,57049_2.json,5
val\57052_2.json,57052_2.json,1
val\57053_2.json,57053_2.json,1
val\57057_1.json,57057_1.json,3
val\57058_2.json,57058_2.json,2
val\57063_2.json,57063_2.json,5
val\57064_1.json,57064_1.json,2
val\57071_1.json,57071_1.json,2
val\57090_2.json,57090_2.json,5
val\570_2.json,570_2.json,1
val\57100_2.json,57100_2.json,2
val\57101_2.json,57101_2.json,3
val\57110_1.json,57110_1.json,4
val\57121_1.json,57121_1.json,3
val\57716_1.json,57716_1.json,3
val\57735_1.json,57735_1.json,5
val\577_1.json,577_1.json,12
val\578_1.json,578_1.json,12
val\578_2.json,578_2.json,1
val\57_1.json,57_1.json,5
val\586_1.json,586_1.json,2
val\593_2.json,593_2.json,3
val\595_2.json,595_2.json,3
val\59755_2.json,59755_2.json,7
val\599_2.json,599_2.json,6
val\602_2.json,602_2.json,5
val\60_1.json,60_1.json,5
val\612_2.json,612_2.json,3
val\615_1.json,615_1.json,7
val\616_2.json,616_2.json,4
val\61732_2.json,61732_2.json,1
val\618_2.json,618_2.json,1
val\623_1.json,623_1.json,1
val\63609_2.json,63609_2.json,1
val\63624_1.json,63624_1.json,4
val\63_1.json,63_1.json,9
val\65073_1.json,65073_1.json,4
val\65074_1.json,65074_1.json,3
val\659_2.json,659_2.json,3
val\685_1.json,685_1.json,8
val\691_1.json,691_1.json,3
val\69_1.json,69_1.json,3
val\709_2.json,709_2.json,3
val\711_2.json,711_2.json,6
val\712_2.json,712_2.json,4
val\71_2.json,71_2.json,1
val\72_2.json,72_2.json,3
val\730_1.json,730_1.json,2
val\730_2.json,730_2.json,1
val\734_1.json,734_1.json,3
val\73732_1.json,73732_1.json,9
val\74_1.json,74_1.json,8
val\76161_1.json,76161_1.json,3
val\76331_2.json,76331_2.json,3
val\76332_2.json,76332_2.json,3
val\766_1.json,766_1.json,8
val\82377_2.json,82377_2.json,3
val\82378_1.json,82378_1.json,4
val\82398_2.json,82398_2.json,6
val\82470_2.json,82470_2.json,6
val\829_2.json,829_2.json,2
val\84_1.json,84_1.json,6
val\86675_1.json,86675_1.json,6
val\86675_2.json,86675_2.json,4
val\86676_2.json,86676_2.json,4
val\882_1.json,882_1.json,8
val\900_1.json,900_1.json,4
val\900_2.json,900_2.json,7
val\901_1.json,901_1.json,6
val\906_1.json,906_1.json,4
val\913_1.json,913_1.json,1
val\921_1.json,921_1.json,7
val\9_1.json,9_1.json,6
,,
TOTAL,,12151
